ID,Trials,Conditions,Vertical_GRF,Mtp_agl,Mtp_vel,Ankle_agl,Ankle_vel,Ankle_mom,Ankle_pow,Knee_agl,Knee_vel,Knee_mom,Knee_pow,Hip_agl,Hip_vel,Hip_mom,Hip_pow
1,1,single,1.185573874,6.865605842,188.388699,31.05287149,762.5760177,-0.09079557,-0.496336927,-96.73836595,-704.405121,0.075268116,-0.465099778,82.20088215,322.9137092,-0.058928409,0.345040005
1,2,single,2.376118908,9.723492548,308.0167667,33.19787138,1032.232471,-0.104025013,-0.835248565,-76.74845189,-577.1363107,0.135956924,-1.342663112,62.1507973,439.3386273,-0.134436507,0.271209615
1,3,single,1.187936392,9.286278314,237.9323687,36.82906864,866.1749859,-0.082234147,-0.609879114,-90.4218466,-707.3222999,0.096022402,-0.939677856,71.03742986,327.9399442,-0.069258924,0.65586768
1,4,single,1.715526705,15.94240457,499.2538368,37.59327792,957.7487398,-0.117098283,-0.739166092,-85.93197181,-619.2688251,0.137440626,-0.868655591,61.23255015,271.2621294,-0.057458724,0.298410629
1,5,single,1.316433659,6.650121318,182.0745382,33.51825475,915.7391545,-0.080436524,-0.855456981,-78.7395352,-666.7955836,0.12111377,-0.675228093,59.44433355,351.1550868,-0.064293176,0.539859303
1,6,single,2.168010326,10.2842949,338.1523506,34.87054141,1152.033454,-0.078095177,-0.915873797,-82.45392176,-669.4751658,0.143502201,-1.493806679,67.23201333,470.1757076,-0.149840065,0.536222587
1,1,consecutive,1.447968821,10.20901756,301.724984,32.96620707,719.359244,-0.103895164,-0.566314418,-101.5688604,-632.1421491,0.118453015,-0.735199748,85.78482635,333.4893347,-0.101463281,0.269752337
1,2,consecutive,1.387858827,10.11773668,293.3621857,35.63752172,779.625362,-0.100076162,-0.486367343,-98.84134346,-657.7125139,0.118949962,-0.717093533,82.39962463,372.6749755,-0.100721737,0.276630695
1,3,consecutive,1.441056161,7.732430531,243.3020398,33.16134008,766.6892227,-0.100076124,-0.512284085,-100.0074387,-615.5746335,0.116481849,-0.787222341,87.0875906,379.3816545,-0.115007902,0.341766981
1,4,consecutive,1.540714778,9.26316476,280.0286793,34.70491771,784.5725148,-0.103736981,-0.550957652,-95.92358505,-600.8421547,0.122308459,-0.867276139,80.78730801,376.1037839,-0.10761032,0.289392766
1,5,consecutive,1.351352446,8.83858394,282.2751821,32.62019528,776.0360396,-0.095764696,-0.461152301,-98.84532824,-632.4995011,0.116819826,-0.726547629,86.09595731,376.2589692,-0.11407495,0.321412546
1,6,consecutive,1.424915533,9.212079095,263.1719144,34.90900172,825.7215502,-0.096125325,-0.532602727,-93.80146745,-579.5076054,0.107848151,-0.74794706,80.64962526,355.897613,-0.095034874,0.194634598
2,1,single,1.381123638,6.183617669,239.547343,28.23911354,804.8250455,-0.065244275,-0.477096526,-90.28843517,-540.9836601,0.085633183,-0.654796809,101.944166,435.2681611,-0.078730658,0.291829876
2,2,single,1.756561755,8.717110517,282.0118563,31.00344582,896.9200722,-0.090217329,-0.79240025,-93.90329947,-553.2406203,0.180330699,-1.44981557,103.6274827,504.6449291,-0.116679065,0.719557309
2,3,single,1.543432713,5.226837667,244.0747718,27.05326423,844.9998676,-0.061732535,-0.651608065,-98.40318521,-576.4407858,0.12358,-0.942755327,108.1036141,466.6583325,-0.114270589,0.655543376
2,4,single,2.181082909,8.145172676,321.6356423,31.85761234,1065.854994,-0.085635927,-1.010748645,-98.72815036,-567.7243625,0.103934069,-0.976998526,103.4821369,461.9346514,-0.135929194,0.338687084
2,5,single,1.845864001,8.073327952,398.142607,27.23774432,1055.988692,-0.106427677,-1.107382776,-93.51802796,-528.1783354,0.102982944,-0.779545917,92.21653457,381.5216517,-0.105019273,0.249927436
2,6,single,1.51262538,8.64021985,316.5807689,29.85072766,995.0118633,-0.074501662,-0.935012631,-88.91760827,-601.7300765,0.126736946,-0.892561934,100.5969073,491.6065402,-0.12036971,0.484397987
2,1,consecutive,1.469865551,9.767835689,328.7908549,32.0062968,831.375433,-0.085003737,-0.418093599,-93.29063924,-601.8823545,0.11037805,-0.707208374,94.86891125,509.8332703,-0.161232284,0.407373046
2,2,consecutive,1.700483672,8.507477589,264.5711807,30.80453831,856.5389825,-0.097072656,-0.499186229,-91.60248349,-589.9305356,0.124623513,-0.830181455,95.57679571,507.4306018,-0.174324249,0.530216655
2,3,consecutive,1.584023314,9.869798153,347.0039104,31.63614135,859.6884738,-0.093792913,-0.523939206,-93.56771004,-626.2616786,0.126878691,-1.144498157,98.7213012,565.5372755,-0.190927084,0.738241068
2,4,consecutive,1.663150879,8.514689178,273.6145686,31.34325088,889.3223965,-0.090771037,-0.543112141,-88.92769347,-570.322358,0.138670874,-1.144338843,92.20021931,589.4583118,-0.177378836,0.683136503
2,5,consecutive,1.483659057,9.391541372,288.0164352,30.34867813,868.1581572,-0.072895715,-0.475949744,-92.07682807,-570.3820248,0.102271291,-0.824901548,102.3613058,531.7292668,-0.188296914,0.419711656
2,6,consecutive,1.516289334,10.8191418,375.3788331,29.6896283,846.8141993,-0.087522072,-0.51734027,-93.58417447,-575.2171376,0.122144442,-1.018965879,100.4492336,585.6862511,-0.183389527,0.457321552
3,1,single,2.92422523,7.656283266,238.5165446,26.80499055,1206.623445,-0.056303518,-0.764300715,-90.73025202,-730.1611918,0.144034122,-1.534092255,87.94007122,642.0295138,-0.229007802,1.076156201
3,2,single,3.833797258,9.548285838,279.8537758,28.98845479,1252.939948,-0.069503301,-1.064006488,-67.78252384,-770.2472532,0.187839128,-2.171425745,52.29725248,600.4772739,-0.247394995,1.060461537
3,3,single,3.728581098,13.11282749,477.9094145,29.01438607,1338.336392,-0.151538966,-1.958108672,-70.56641159,-676.7091579,0.186357118,-2.192034865,47.98297159,511.6802115,-0.278955503,0.900601596
3,4,single,3.660461943,12.69193484,422.0686467,29.67342889,1325.882798,-0.082014677,-1.060991637,-67.88877715,-691.8344183,0.151495652,-1.681815399,48.70836115,552.5263475,-0.22747595,0.724779612
3,5,single,2.362204055,9.465446525,319.9264353,31.7487834,1066.226899,-0.086096853,-1.154431169,-92.9990579,-693.6903452,0.153957355,-1.556659067,78.34209638,484.1107722,-0.154835042,0.687186708
3,6,single,2.307381243,12.66064577,446.4799276,31.06442256,1293.661478,-0.081394622,-1.159567008,-79.83872761,-678.7364299,0.149513804,-1.535503243,55.85394726,502.7179257,-0.147228626,0.664358506
3,1,consecutive,2.535640447,15.82391586,506.9668282,31.09512568,1186.012331,-0.091216735,-0.627888761,-87.27958186,-664.0964552,0.169008487,-1.273462392,82.45371706,581.5265154,-0.190755094,0.883321851
3,2,consecutive,2.346134452,17.49261718,554.7504154,33.08269531,1128.824142,-0.111384301,-1.033404711,-86.12880282,-615.6696498,0.133396292,-1.160993254,73.58798572,459.0241226,-0.178161527,0.420057691
3,3,consecutive,2.350244618,20.35606289,679.2735419,30.82596674,1171.883794,-0.100543196,-0.834789084,-88.23736786,-677.8106234,0.156453987,-0.968953291,85.10035055,494.1712841,-0.187253909,0.553717595
3,4,consecutive,2.166751336,17.18824866,615.5182244,30.27196034,1207.491031,-0.083536309,-0.834154457,-89.70550502,-682.6658832,0.122304715,-1.05826806,86.28815473,517.487745,-0.158622187,0.589435887
3,5,consecutive,1.682326283,22.05242266,743.8337271,31.31293065,1135.181738,-0.111549041,-0.848386394,-88.36134785,-686.4104842,0.101822753,-0.71687812,84.27891052,440.3555145,-0.121136875,0.344971074
3,6,consecutive,2.080126644,21.11155023,709.6256837,29.71656704,1145.281647,-0.091998841,-0.705765416,-85.37403094,-670.1339552,0.138933245,-0.903701615,82.6695534,484.7648557,-0.162523348,0.54630513
4,1,single,2.90305219,5.48828862,169.0084719,27.86561709,924.539994,-0.077374537,-0.753800367,-91.03983372,-820.0570076,0.165351443,-1.976809025,92.36983714,679.5700195,-0.187140341,1.264900798
4,2,single,2.179645149,4.163580278,137.9128013,25.84229587,876.0318023,-0.08749309,-1.074486871,-87.35846758,-626.4358032,0.106478533,-1.165010255,94.38859423,553.6749989,-0.155027379,0.699444943
4,3,single,2.042254957,4.410176822,126.3085009,29.60990804,830.638281,-0.094613791,-0.862126135,-91.03976641,-704.9480246,0.12311044,-1.513144406,91.43255785,641.8379549,-0.103708867,0.914779904
4,4,single,1.989901727,4.436818447,114.2401266,27.46937397,827.4563394,-0.085339835,-0.854149887,-90.88637661,-684.0710635,0.115553944,-1.125680228,99.07009997,631.2445104,-0.140183331,1.060430472
4,5,single,2.195120121,4.194721296,119.2229234,28.43356961,839.3230644,-0.077370421,-0.779743198,-89.19052593,-685.3523084,0.12294179,-1.030439147,91.85759646,495.2273911,-0.196768584,0.950696814
4,6,single,2.332545118,4.256236599,147.9076385,26.02403106,943.6949047,-0.054150518,-0.802209044,-85.67721732,-739.1305732,0.105449295,-1.214689371,91.21217998,603.0046712,-0.142791953,0.875404856
4,1,consecutive,1.31832644,7.29748031,229.8953763,28.2540736,754.0436394,-0.086324372,-0.745835426,-93.77137946,-609.5877877,0.106846343,-0.901541306,96.57850244,433.0480231,-0.121331708,0.631940759
4,2,consecutive,1.720186507,9.028620846,276.974294,29.13633228,841.8133559,-0.083224156,-0.58417162,-91.92177234,-613.5646228,0.117103036,-1.016630251,95.16396203,510.8166739,-0.161597399,0.662379784
4,3,consecutive,1.636723868,8.357764879,272.1471928,29.55962693,838.8252425,-0.089372675,-0.719631616,-95.61487286,-608.3042772,0.107716346,-0.867496795,98.62819849,471.4324751,-0.131827009,0.534947473
4,4,consecutive,1.787352681,8.632404316,280.4828348,29.54834137,896.3273328,-0.086614902,-0.644902822,-93.92121519,-625.9302942,0.104628745,-1.011081466,99.1672129,556.0334871,-0.140953379,0.711063636
4,5,consecutive,1.872280018,7.901455734,253.4205564,28.9691991,939.8549061,-0.079737508,-0.732693468,-92.09448314,-647.8805603,0.108167588,-1.042216071,94.35984672,553.138701,-0.14577248,0.518962897
4,6,consecutive,1.968200271,9.596333319,311.5587114,28.67849633,899.3051081,-0.100080537,-0.568307242,-92.91400137,-640.8900877,0.109820543,-1.081167285,92.24473925,564.5370085,-0.160492072,0.708498531
5,1,single,1.535693519,9.153844746,319.1805067,19.92628978,1178.086282,-0.067529072,-0.934006129,-60.16264725,-618.693013,0.090512005,-0.689285776,47.16343099,349.696329,-0.089698109,0.477471096
5,2,single,1.8862871,7.057805234,287.9593082,21.14746552,1001.406334,-0.128958348,-1.409369012,-68.88218502,-619.7551244,0.114779094,-0.764753841,64.93562292,393.2994122,-0.1188215,0.619740154
5,3,single,2.021914722,8.218622774,312.8270498,18.12745353,1114.03471,-0.08840996,-1.237487314,-62.91636971,-622.7971586,0.129289164,-1.015733884,58.86136448,413.5878786,-0.15425453,0.486171651
5,4,single,2.527887293,8.365633479,355.657885,19.7511344,1212.928695,-0.104594338,-1.50759006,-62.54117715,-555.7673824,0.167464353,-1.340898909,52.44192368,394.2282188,-0.129313072,0.592491442
5,5,single,1.632197767,8.852756904,319.5371706,18.91647455,1098.965281,-0.068472204,-0.93032771,-59.43609023,-630.2544182,0.097331426,-0.936544019,50.98979507,324.6837127,-0.102439998,0.469966135
5,6,single,1.698656961,13.78787587,467.6071452,22.16828903,1144.748215,-0.079405832,-1.003813576,-65.49422851,-645.598894,0.112566651,-0.657900112,52.96186033,334.9870407,-0.085833622,0.375694368
5,1,consecutive,1.677617531,13.76722661,474.620294,25.89310849,960.8770314,-0.127692248,-0.850240338,-82.26567542,-534.7399189,0.142413036,-0.804170807,64.10247896,443.9992037,-0.087884893,0.391058646
5,2,consecutive,1.917180478,11.543804,416.288811,25.93120626,1000.467145,-0.126007381,-0.8815245,-75.53695338,-549.7417542,0.148783244,-0.656790199,64.70559785,404.6135637,-0.091502146,0.290283607
5,3,consecutive,1.447417671,12.23519807,418.9502207,27.13141207,981.2734304,-0.093952109,-0.584819142,-85.39248848,-590.5384794,0.101521219,-0.605888001,79.70275971,409.4684785,-0.101396227,0.312654351
5,4,consecutive,1.633117273,12.91145252,440.630705,25.98368202,989.018261,-0.11166916,-0.762064751,-82.95448947,-551.0777792,0.119428932,-0.603330233,73.05537251,408.9845842,-0.117458654,0.245731275
5,5,consecutive,1.660698154,12.91653887,445.220648,26.44332508,961.2380159,-0.102937139,-0.587265688,-81.13893023,-569.4706559,0.124037878,-0.737907961,69.85683321,426.0938475,-0.083990828,0.311956997
5,6,consecutive,1.453664348,12.54365013,422.1764958,26.48379831,926.7295668,-0.112691991,-0.462314634,-87.39562727,-605.0371166,0.121931067,-0.518126313,73.13659446,408.908402,-0.07645787,0.312162432
6,1,single,1.222217079,4.048907721,30.28445509,37.64506658,833.2149115,-0.070586324,-0.755198204,-99.39181725,-630.888676,0.102076607,-0.737599582,84.75008158,425.3086647,-0.093644339,0.426921434
6,2,single,1.789448008,5.726874727,91.78248778,38.5883277,865.8032674,-0.056611833,-0.644553252,-99.48040566,-598.8034213,0.086536308,-0.839540294,82.55800007,460.4832802,-0.15311891,0.303091782
6,3,single,1.356060837,4.043054525,74.51577117,37.1309907,865.2474881,-0.07505815,-0.878546232,-101.2440945,-672.3185879,0.126656515,-0.999545537,83.03340631,388.6670603,-0.100833853,1.040529406
6,4,single,1.335388108,4.804601033,48.94262727,40.13395447,860.4677159,-0.060949686,-0.666772647,-104.3665823,-620.8457494,0.093608835,-0.903297146,84.6290147,495.3459387,-0.09926497,0.41412176
6,5,single,1.175250956,5.737143749,119.552181,37.01733812,902.3294856,-0.075951695,-0.959941504,-96.35441485,-629.7299676,0.090225458,-0.784097508,80.49390578,354.0178255,-0.090570709,0.627741808
6,6,single,1.440238519,6.108868354,153.3240662,40.0679463,971.9890848,-0.071706791,-0.909204042,-103.1663107,-626.0544272,0.10908014,-0.843535492,82.67929558,387.8673445,-0.105647524,0.294288779
6,1,consecutive,1.341628824,6.202665469,136.7694569,38.17435188,809.2519537,-0.072744965,-0.638040311,-102.2352515,-582.62452,0.116677267,-0.688531029,89.06032209,407.7312258,-0.116221182,0.461773221
6,2,consecutive,1.46455649,5.854192642,112.9244767,35.15849173,779.2180827,-0.077614034,-0.555802974,-94.28614301,-609.3826439,0.118455817,-0.745426308,86.49244429,434.6154166,-0.137894772,0.442052437
6,3,consecutive,1.48196491,5.109764421,107.2458867,33.74878216,784.8996943,-0.081432998,-0.637714237,-91.86236412,-608.7740636,0.119024616,-0.647466921,85.29373317,451.70884,-0.152434972,0.494872697
6,4,consecutive,1.619664619,4.29516246,101.1736261,32.09378334,860.2621176,-0.086320508,-0.733827872,-86.34391087,-603.9826182,0.119820182,-0.741927141,81.66047382,410.7046494,-0.161838928,0.5808468
6,5,consecutive,1.726724965,4.72368849,68.38442755,34.09576377,738.4951891,-0.09690624,-0.590655242,-84.60750575,-541.6764528,0.129458536,-0.866272924,76.50999632,408.6054172,-0.159501875,0.571912173
6,6,consecutive,1.521233649,5.128462773,75.65060159,34.28964159,785.1894277,-0.073300775,-0.59135973,-90.3793388,-601.9089805,0.122227532,-0.783245758,83.36096552,466.0759249,-0.155796398,0.5150351
7,1,single,2.257849098,8.073401347,346.1032456,19.89236048,1011.334954,-0.113496094,-1.01305189,-61.30208195,-506.5725724,0.117411492,-0.768237639,51.53274396,259.352313,-0.091346014,0.201122033
7,2,single,1.940212267,7.451802867,374.1091408,17.73730233,858.7611598,-0.148175154,-0.967366656,-56.63348969,-501.1268515,0.095250278,-0.616819751,44.96453138,250.016231,-0.052382135,0.481205361
7,3,single,1.998406311,11.92969199,523.1189407,15.23113537,836.0698859,-0.152230098,-0.910801992,-70.22710319,-537.8137571,0.137450212,-0.740183614,47.58216986,234.7123946,-0.025413639,0.334698377
7,4,single,1.822467701,9.612775475,443.276401,19.92356654,846.9904778,-0.136295713,-0.814110131,-77.08296469,-551.6490755,0.127235345,-0.74215514,54.84467437,224.7819698,-0.051443876,0.255278237
7,5,single,1.661952685,8.078797529,348.1932458,19.27859079,850.3578682,-0.121410475,-0.821024123,-68.06018777,-498.3565689,0.109711601,-0.559820668,52.54584634,231.0818122,-0.047175902,0.243708162
7,6,single,1.759540281,10.40307798,464.0641726,14.27776941,816.3483839,-0.126884384,-0.723363008,-80.64924499,-486.0712546,0.128742879,-0.818971229,53.34975984,290.4136907,-0.033505808,0.196550677
7,1,consecutive,1.511121538,8.704708989,333.4712279,17.47459201,705.4783297,-0.113351262,-0.591978628,-75.94288401,-500.9625823,0.116281769,-0.570128594,58.85419365,326.371146,-0.049777558,0.248281935
7,2,consecutive,1.439589897,9.258780041,370.5578578,19.50410424,771.9734588,-0.109253264,-0.569032873,-78.98639591,-513.7931252,0.112031387,-0.585112611,62.89162161,327.3126103,-0.047721607,0.352042409
7,3,consecutive,1.586946709,8.67988447,380.9070608,17.79264305,774.9369847,-0.121358267,-0.627569027,-78.70071043,-522.1392774,0.122421565,-0.626267892,63.60178632,328.1368347,-0.064143229,0.330751219
7,4,consecutive,1.461326614,9.052490217,383.5014912,17.7994601,760.6860562,-0.108442946,-0.471963972,-75.66676496,-572.6006954,0.120529903,-0.551667745,58.4094521,312.3043536,-0.047986071,0.235724504
7,5,consecutive,1.38655499,9.735056622,378.5293661,17.90159171,704.2861998,-0.100492721,-0.474930317,-79.44244288,-527.810837,0.121741653,-0.550006196,60.78091519,350.0367254,-0.056088979,0.256559035
7,6,consecutive,1.601334205,7.430904821,294.2430283,19.263215,690.0041991,-0.118955644,-0.47732961,-73.17311,-526.7146031,0.12318519,-0.460958629,57.87787361,294.5760691,-0.050954527,0.269562744
8,1,single,1.232823773,4.886658236,68.20804894,30.86428852,659.7817846,-0.087755209,-0.497846071,-115.2220403,-667.876383,0.082723414,-0.708297698,100.2537782,398.6014444,-0.100539932,0.313563377
8,2,single,1.686100136,4.467678577,96.29744786,31.84399848,867.793482,-0.081509931,-0.704945315,-115.8276884,-642.275365,0.091440361,-0.835908083,97.39132949,530.7837386,-0.104048685,0.436883085
8,3,single,1.417542654,8.837589675,211.676028,32.17037168,857.9389449,-0.094284756,-0.678161523,-108.1630315,-607.3296604,0.118501084,-0.990036548,97.25910651,438.7753792,-0.105611324,0.462323218
8,4,single,1.225742455,4.258594481,62.49299571,29.96313156,696.7064433,-0.076444991,-0.410381674,-110.54496,-576.6996244,0.080715941,-0.633879107,100.3136601,347.9972451,-0.092712964,0.206094361
8,5,single,1.370642543,5.296272855,115.1909809,32.10185287,792.8597188,-0.091861054,-0.592337712,-111.2465015,-704.300796,0.102185801,-0.864204281,96.2799073,468.7464481,-0.116400112,0.510817623
8,6,single,1.451447196,6.099456951,128.4517709,31.87013213,738.7024726,-0.100752099,-0.695679688,-114.8057452,-613.0555343,0.105483846,-0.955984363,98.37311443,435.5984,-0.116997165,0.538801007
8,1,consecutive,1.712612837,7.998520736,198.2088099,32.77475373,809.8098563,-0.110495735,-0.602681093,-106.1834364,-600.7904614,0.128129983,-0.839926247,87.25751588,414.9852208,-0.161418417,0.352765511
8,2,consecutive,1.534873452,6.470671109,138.6377983,30.00397164,739.3054159,-0.087331372,-0.490999691,-100.7966886,-609.0430497,0.108116631,-0.727094628,86.59437274,350.4442445,-0.152392256,0.268612756
8,3,consecutive,1.61026076,7.603670608,188.0509734,31.72146937,802.9676035,-0.10271436,-0.578084019,-101.8797962,-623.3095234,0.125768378,-0.717139378,83.3261133,341.9973573,-0.156929943,0.275690666
8,4,consecutive,2.00541962,6.96535632,174.2703292,32.04313342,791.0984623,-0.110289834,-0.708903202,-100.7838077,-615.6182115,0.127937443,-0.897137436,81.49796003,390.7200105,-0.178434103,0.233686587
8,5,consecutive,1.585609912,6.57760408,139.398213,31.62871386,715.2985702,-0.093348456,-0.421288736,-108.0034589,-603.1551943,0.117105527,-0.727276826,90.35262952,417.3536622,-0.163704216,0.349151175
8,6,consecutive,1.46023124,7.552891556,181.4801341,33.83703042,755.8394017,-0.097371808,-0.455908833,-108.353089,-607.1511939,0.115914572,-0.655070939,89.22733457,392.3106966,-0.165705679,0.252695066
9,1,single,1.340501564,8.006350257,316.203669,25.58545936,823.5709036,-0.090765676,-0.91872325,-95.09781906,-571.4504403,0.114985367,-0.86064037,84.45380695,341.8670185,-0.062312761,0.190377124
9,2,single,2.330220003,9.900715657,368.98872,28.3394332,916.9221007,-0.147165547,-1.130108965,-88.19685782,-543.0731306,0.161943652,-1.31083617,83.49931208,371.7244568,-0.097822182,0.402696936
9,3,single,1.52739484,9.086569888,297.9458109,30.2542406,757.2172398,-0.116693706,-0.568537844,-102.8230676,-550.9783823,0.110873988,-0.825693216,97.59119191,397.4303894,-0.091913404,0.395022629
9,4,single,1.689447393,9.115215562,354.1647698,26.13667902,868.913298,-0.122137332,-0.958767984,-87.97512516,-531.0862572,0.12801765,-0.903136336,79.26376444,424.4617382,-0.075366169,0.330157744
9,5,single,1.487514126,15.28792431,531.5297305,24.29034295,974.3111462,-0.106448512,-0.78344028,-92.02592012,-580.390131,0.119332962,-0.683190419,86.45556677,414.0745052,-0.063568772,0.323804168
9,6,single,1.57329451,16.95435281,636.8908081,28.94369894,917.1397571,-0.105001376,-0.910022724,-90.94428765,-594.3643927,0.134879624,-0.947506916,78.80697284,345.8547063,-0.074883897,0.285498598
9,1,consecutive,1.519474415,7.29054299,249.9626297,28.88830205,701.2870216,-0.109524814,-0.560419773,-102.7682653,-550.0026804,0.108514861,-0.638406159,97.16753904,390.9181671,-0.094708882,0.263514798
9,2,consecutive,1.490773699,7.498219699,274.8088961,27.11691799,740.2756174,-0.113854118,-0.616020578,-107.6885362,-567.1536468,0.11584655,-0.820612316,95.12425379,363.2399884,-0.094934492,0.315247922
9,3,consecutive,1.691865148,7.43958628,286.3244612,29.46138054,799.2986389,-0.121651005,-0.745541599,-105.1616442,-590.5304619,0.122713682,-0.917901911,101.1659914,405.8471184,-0.102065555,0.385121818
9,4,consecutive,1.241092153,7.255058773,249.3853354,26.81026868,738.6672335,-0.093604676,-0.502915226,-106.6587477,-612.8025017,0.102124886,-0.712933637,98.04263742,398.434225,-0.084500879,0.341389755
9,5,consecutive,1.195638586,7.592025852,287.8834903,29.38866677,707.3809439,-0.088575452,-0.394207463,-107.2918599,-542.0927887,0.109408401,-0.65271016,97.67684254,346.6666344,-0.084314561,0.297010209
9,6,consecutive,1.698604293,9.385981832,362.3351363,29.56764832,840.6089482,-0.118370152,-0.73110499,-105.3511062,-573.2052776,0.114887749,-0.848653766,96.2787315,400.8419669,-0.10515887,0.244431783
10,1,single,1.856182826,19.05899427,682.572265,31.80108429,974.8825525,-0.136832672,-0.874678451,-96.8060979,-613.1143994,0.117442707,-0.869397682,84.0518207,461.0291033,-0.062495967,0.38665352
10,2,single,1.678494652,17.99275856,641.7884631,34.55887544,977.0457382,-0.114452689,-0.784382904,-91.70787891,-659.5191354,0.131752953,-0.869409358,76.62361824,345.2872538,-0.052916053,0.172967306
10,3,single,1.457606538,14.37304131,593.5858953,37.10716441,934.3997726,-0.096516738,-0.716247633,-98.6195474,-693.1464911,0.129722144,-1.051725936,76.74731729,366.6822185,-0.065030035,0.413110856
10,4,single,2.568053965,16.02382354,588.1819359,32.54534157,968.2139902,-0.138686702,-0.875741631,-88.90866721,-611.1555401,0.163235209,-1.023066014,78.45558468,436.4847194,-0.159988794,0.188590565
10,5,single,1.410753751,11.50520874,559.2546169,34.01512141,1023.130136,-0.087394337,-0.919421726,-89.9589606,-710.7172317,0.130571879,-0.929601998,71.41121571,326.465552,-0.072238747,0.444701258
10,6,single,1.8197017,19.63939909,703.2143292,36.40782027,933.2086359,-0.122587682,-0.922415463,-94.71297873,-620.7427457,0.14936881,-1.015189272,74.22272319,354.79069,-0.062916496,0.336144738
10,1,consecutive,1.613975409,13.06949243,458.1847656,32.32697202,859.3121178,-0.094624497,-0.656497319,-91.54574937,-575.6245571,0.116770675,-0.749044321,89.74164755,447.9928743,-0.122347295,0.239907575
10,2,consecutive,1.79065184,13.33841686,479.7091223,33.99316704,843.4758261,-0.120340578,-0.701868082,-94.65436808,-566.8398461,0.117491735,-0.845758386,86.25069939,458.6643225,-0.125535587,0.36609685
10,3,consecutive,1.839787148,13.29975362,475.6932246,33.22292976,892.9803372,-0.104616469,-0.749674135,-93.97443058,-555.4905819,0.121603423,-0.907220846,89.29191783,472.577742,-0.137620653,0.264658751
10,4,consecutive,1.826062787,12.82826393,444.096936,33.92006885,787.5552697,-0.120741407,-0.648905625,-93.75329991,-549.8609757,0.122779054,-0.844694372,84.30856688,442.0544331,-0.129735559,0.345863551
10,5,consecutive,1.828282277,11.96168699,451.1275761,32.76856173,902.1853571,-0.099453222,-0.734255547,-93.41546837,-550.4757459,0.110152573,-0.841930549,85.87656874,417.3700161,-0.124979525,0.346723454
10,6,consecutive,1.876199712,12.21614432,456.3431146,33.09651164,841.7678268,-0.112812808,-0.710348788,-94.67154487,-551.512447,0.11674245,-0.873260835,88.14883875,455.1192472,-0.148389863,0.282773884
11,1,single,1.218096851,8.657871701,334.121725,25.72243962,1060.635521,-0.073474687,-1.079216301,-80.14424301,-597.4209724,0.085523771,-0.452411647,80.17924347,271.8824012,-0.097360958,0.210620313
11,2,single,1.480404214,13.16611022,478.8329212,24.56693219,1099.856355,-0.094140866,-1.040541932,-78.43047125,-569.0712113,0.094433438,-0.576613644,73.03345497,325.8268426,-0.067505709,0.190145269
11,3,single,1.218060859,11.74476339,533.4532249,27.21094238,1053.126328,-0.066661421,-0.840673472,-76.83263775,-678.002275,0.108107136,-0.825125302,69.06131543,293.6240353,-0.061038908,0.514328311
11,4,single,1.222599807,10.62637069,433.8773328,27.91460631,1075.151107,-0.067803611,-0.985025576,-79.63683818,-659.6387387,0.092483437,-0.694881046,70.40373183,296.0092689,-0.066175781,0.373364188
11,5,single,1.134876901,29.27002831,1104.53299,25.05544906,1014.363622,-0.066874223,-0.514689504,-85.6721393,-705.9688428,0.109429796,-0.908215501,72.59963314,351.9007334,-0.031446549,0.548144645
11,6,single,1.112000314,12.02772112,490.776148,27.19321916,1034.765559,-0.07084947,-0.831776786,-79.4165252,-625.3765869,0.084313433,-0.588630049,74.78313353,289.6291713,-0.053078179,0.39102888
11,1,consecutive,1.471460755,12.99194519,426.6023314,31.25792501,928.4888059,-0.105887715,-0.585680396,-93.20380615,-617.126476,0.130106774,-0.630266914,85.01469185,341.8834457,-0.103373224,0.262527783
11,2,consecutive,1.509753741,18.65479521,647.9274189,28.89632761,951.6483718,-0.11306309,-0.636954187,-92.90289363,-620.9777507,0.131568798,-0.699825881,81.79581141,323.3918829,-0.096020406,0.280304049
11,3,consecutive,1.393774383,20.26221615,691.0585211,29.1740179,989.7733089,-0.102787316,-0.59908113,-93.28873757,-654.2813313,0.120550589,-0.710513353,82.87733641,374.1350915,-0.094368679,0.348969613
11,4,consecutive,1.428310056,13.92867871,516.8022522,29.87948627,1011.813352,-0.105340606,-0.818647353,-96.68588433,-640.7372389,0.127515271,-0.67773879,87.00869979,327.1056012,-0.100371864,0.228079978
11,5,consecutive,1.242512548,16.69363933,591.0317726,30.4113543,958.7121713,-0.087323963,-0.524762373,-93.74136053,-641.4623506,0.121838231,-0.630025866,83.96496821,391.7424929,-0.071920326,0.28211728
11,6,consecutive,1.830224244,15.93426955,567.0490187,29.39613708,1073.373592,-0.121801453,-0.909224,-92.40092083,-622.2391259,0.127704015,-0.874772853,84.23773921,322.9487812,-0.13434239,0.213114728
12,1,single,2.696353143,5.459852508,166.2518395,34.70526586,1169.184891,-0.100740384,-1.075794541,-85.67793996,-615.9699,0.127361547,-1.367340955,74.51144953,544.2290747,-0.204803398,0.39291142
12,2,single,1.212088242,13.30097781,459.2482645,33.74672223,1106.878986,-0.095035795,-1.307406753,-87.69907825,-640.4410272,0.101510824,-0.836487995,62.28339133,484.6734744,-0.061970867,0.450247302
12,3,single,1.247338704,4.326861209,212.1710324,34.70802896,1147.663478,-0.089612889,-1.498593212,-88.84830458,-678.0148678,0.080127197,-0.613414122,84.52779572,562.3280912,-0.099930252,0.50321353
12,4,single,2.176762304,6.52733119,305.9684225,34.24643742,1139.847385,-0.099674164,-1.106975263,-78.58717674,-668.8644057,0.147267678,-1.26308532,67.01157414,511.9247142,-0.120755823,0.622238786
12,5,single,1.746238851,9.77524949,393.0301857,36.52143056,1107.889329,-0.127021336,-1.315481004,-88.24776395,-710.8727483,0.132505139,-0.993368652,78.0292607,463.6317464,-0.105693205,0.499196001
12,6,single,1.481327114,1.74753327,197.0673024,31.18991771,1136.705666,-0.107089998,-1.282554971,-88.33432585,-706.2448738,0.113435118,-0.897717145,76.40328765,460.3164821,-0.117076787,0.505053951
12,1,consecutive,1.641139948,6.678620799,200.9835087,38.22449384,912.5163134,-0.108907732,-0.735854091,-97.69994048,-596.23307,0.124831926,-0.891513517,82.57088724,411.0509413,-0.14846078,0.33661332
12,2,consecutive,1.486822186,10.17109152,355.889707,37.07244751,974.5328977,-0.102725751,-0.675449815,-98.65394798,-642.5209425,0.124690693,-0.884640576,85.45022342,474.4626711,-0.141152889,0.40693144
12,3,consecutive,1.646149211,8.63717744,324.0953464,37.95004587,957.7879175,-0.113695995,-0.886093013,-100.0949795,-598.2855301,0.134886108,-0.843159915,80.76134698,418.9075536,-0.146732518,0.357203897
12,4,consecutive,1.449070897,8.577429228,325.7233459,36.25893071,952.0747026,-0.110723444,-0.744122663,-101.7818619,-644.63508,0.130454996,-0.845417553,82.07493201,401.8125521,-0.121198607,0.3921282
12,5,consecutive,1.787783877,6.532302883,275.5787405,36.55374071,1039.820019,-0.114693361,-1.028379768,-100.2381977,-572.904807,0.123127758,-0.927482087,81.82922031,460.6811023,-0.142645488,0.269033569
12,6,consecutive,1.683160217,10.13724449,360.7192301,38.55294728,989.2888088,-0.11140373,-0.728071048,-100.0077789,-639.2802422,0.128536919,-0.834571536,79.09433435,451.2066774,-0.133963436,0.350667471
13,1,single,2.531059392,2.561685358,79.73509408,19.94505469,897.757127,-0.128166139,-1.452892723,-64.12517113,-521.5040486,0.128353711,-1.148072357,58.08813482,474.8979868,-0.08785236,0.276678069
13,2,single,1.761292884,7.201328611,309.8260592,22.67146566,1012.360355,-0.124060249,-1.552559219,-70.49266346,-552.5124499,0.093345713,-0.571572991,51.69605656,288.5228412,-0.095240017,0.171194473
13,3,single,1.768442414,8.358303157,336.2128132,21.28582973,1057.857618,-0.122790041,-1.679160131,-59.50870229,-622.4738028,0.108414675,-0.686990466,42.89456894,235.9110901,-0.088188226,0.306070885
13,4,single,1.956036332,8.490443186,344.5596172,23.1820589,1009.030046,-0.142785585,-1.701738391,-67.40912179,-624.5600441,0.146506534,-0.975565652,45.05434186,280.1273588,-0.100594048,0.444232225
13,5,single,2.069165985,7.111910103,298.431385,23.57943054,1037.606452,-0.109205438,-1.490673125,-60.09169527,-535.8516952,0.135330643,-0.821823959,98.4739432,279.2464404,-0.13945666,0.290861511
13,6,single,2.665312504,4.98338175,172.8819784,23.10945485,1023.269628,-0.108943644,-1.531260733,-58.91612151,-527.0572721,0.178959852,-1.378517234,41.18549713,352.7516591,-0.104933686,0.306679301
13,1,consecutive,1.58644354,4.173542067,119.5843144,27.49595767,758.2794257,-0.067457443,-0.495474331,-100.6534891,-501.3271326,0.128212778,-0.905080149,103.0009679,447.5532615,-0.137409954,0.349014523
13,2,consecutive,1.423203213,4.152430175,133.0345749,28.73885025,776.3493804,-0.069582089,-0.518252517,-100.3427249,-549.3483009,0.122459876,-0.823278767,102.527278,412.4663061,-0.134015461,0.251465466
13,3,consecutive,1.482779738,5.473233629,169.5613858,28.81202231,792.9371235,-0.074180561,-0.490420996,-97.92879593,-543.4069603,0.119040233,-0.771166114,99.43835042,427.0377177,-0.143444614,0.348116028
13,4,consecutive,1.560655603,4.860772949,161.0317356,29.16684777,780.3053691,-0.078901491,-0.488139522,-94.53814673,-545.2029918,0.121930589,-0.752665466,95.6749042,407.9771266,-0.140548469,0.249913549
13,5,consecutive,1.429969743,3.276759934,93.48114425,27.76307129,725.1114587,-0.061348589,-0.343724284,-95.03663937,-502.0062021,0.118090981,-0.719185193,98.01480037,443.56509,-0.123143628,0.208170236
13,6,consecutive,1.658658014,4.178826084,170.5912965,28.99483532,797.8268981,-0.079409607,-0.481445919,-94.55133395,-539.112313,0.132083192,-0.994221899,96.48358036,462.3823281,-0.145877258,0.285073351
14,1,single,1.780381924,8.246146566,278.5228352,29.95577623,787.9563575,-0.131972854,-1.343689874,-105.4242057,-494.3679433,0.135927201,-1.012577173,92.09637672,397.2725414,-0.104397605,0.420079081
14,2,single,2.458006991,10.71712903,398.2617959,31.25531875,924.641951,-0.143153844,-0.965184958,-101.549633,-572.8819167,0.16509,-1.197359342,90.82091285,479.9666902,-0.130623076,0.619654295
14,3,single,2.27168017,5.499829526,216.6296073,30.47604675,957.0542127,-0.121510489,-1.406565393,-102.5474394,-541.2734216,0.125986671,-1.190578391,87.74986177,401.0118588,-0.20108244,0.146994082
14,4,single,1.840688596,7.628910689,274.5435863,29.76291293,867.6794154,-0.133334569,-1.400771881,-90.8552936,-496.4483777,0.134136299,-0.948258436,75.50312126,334.0657256,-0.142903899,0.200813023
14,5,single,1.60809767,3.883112269,208.7618976,30.57880891,949.3488375,-0.088734737,-1.335890358,-94.35797122,-566.1130932,0.094648693,-0.692866625,102.7237856,365.0192742,-0.173582555,0.398869047
14,6,single,2.504743112,8.665167126,297.6757305,34.94296343,921.651594,-0.118735848,-1.023071969,-97.38186792,-575.8068341,0.1598663,-1.607017586,85.32123298,450.9693724,-0.172584533,0.378161207
14,1,consecutive,2.187654767,7.790488252,258.2090123,33.75322864,802.7882847,-0.124239861,-0.798392391,-91.14390746,-514.7374489,0.135074343,-1.060303349,76.33812183,371.6685782,-0.192351126,0.365134772
14,2,consecutive,2.478836461,8.015990106,278.420717,34.62330705,861.1655876,-0.130260478,-1.114405086,-98.48912174,-537.7899723,0.156889587,-1.313643575,86.15814689,428.5667383,-0.199036373,0.356656073
14,3,consecutive,2.274998898,7.144992778,258.5167108,32.85291408,856.0971908,-0.131504423,-1.136647485,-91.05407173,-527.8802408,0.143224713,-1.097020441,78.07421973,431.9857349,-0.180406996,0.388512402
14,4,consecutive,2.132478015,6.380244039,254.7671161,33.58302303,836.8628017,-0.133326853,-1.164245479,-96.62603284,-505.5374599,0.140580647,-1.058510898,85.9489541,379.2800906,-0.152912525,0.369881191
14,5,consecutive,2.164401996,8.406605052,295.8525744,33.00179623,808.8773435,-0.142570781,-0.887436069,-95.54786048,-492.2584152,0.137171783,-1.026989552,82.94740661,375.4225767,-0.153182904,0.301553689
14,6,consecutive,2.242867345,8.534633798,312.1155804,35.36985382,841.4816988,-0.136920431,-0.974442368,-98.78500397,-526.0469531,0.144179194,-1.203061018,85.25769353,383.9093267,-0.190790913,0.353699005
15,1,single,2.80514897,10.880554,398.6601501,28.37654093,1260.096169,-0.083632229,-1.152268923,-66.76958787,-606.4023007,0.14941447,-1.224668588,43.5958451,393.1916836,-0.167396416,0.420650912
15,2,single,2.140515872,15.00170235,478.6721419,33.71952114,1054.28376,-0.097290751,-0.802395626,-101.2974167,-667.1882052,0.155086965,-1.028125873,92.68178846,535.8238162,-0.14750429,0.612021985
15,3,single,3.096162597,9.110843997,370.8186573,33.88777173,1217.720519,-0.105267651,-1.420011619,-91.39629303,-668.8878822,0.147626328,-1.706151791,73.86388096,524.4384357,-0.206230884,0.68717873
15,4,single,2.520195748,15.24159496,513.4575039,33.50328253,1235.623314,-0.093195385,-1.050833331,-83.9829348,-608.6373851,0.152658432,-1.375806793,65.05793532,427.4473156,-0.19309484,0.421451318
15,5,single,2.437277493,13.42272186,527.2331079,34.42638489,1254.609343,-0.100010403,-1.214172938,-81.24271768,-688.6018401,0.139130068,-1.490090158,52.07051531,434.1334522,-0.148665012,0.622324512
15,6,single,2.483940457,9.300601926,384.9263468,26.36485459,1241.122664,-0.120477382,-1.559115026,-71.28560839,-653.6010432,0.100787607,-0.855094448,89.36335705,350.1217816,-0.131127546,0.368322833
15,1,consecutive,1.172369252,15.70459502,511.2827659,34.24287609,965.8498548,-0.086175632,-0.63640628,-96.52348118,-687.8669279,0.09356184,-0.74051876,92.72572754,446.672302,-0.103200108,0.53044976
15,2,consecutive,1.776321149,14.58769033,505.6364536,32.76583401,1072.879995,-0.077884681,-0.688183322,-98.6388298,-673.2940701,0.112071415,-0.877704837,98.16551321,537.9835319,-0.138596403,0.430929624
15,3,consecutive,1.840550965,12.49174178,405.1921333,31.29108988,1024.131667,-0.081621199,-0.714381361,-95.43673503,-647.1747847,0.100692791,-0.865632732,95.60766284,487.5515456,-0.125549904,0.443254236
15,4,consecutive,1.515871146,12.61223717,420.0387901,31.32156022,1053.238896,-0.075242338,-0.739927915,-97.86299729,-626.0603227,0.098414492,-0.816358662,99.03945806,457.7693601,-0.108350281,0.418566528
15,5,consecutive,1.627820228,16.90480767,569.994169,31.06161931,1037.128041,-0.086514491,-0.817543424,-94.77325033,-633.9581894,0.103152859,-0.778116846,99.18689015,473.5803411,-0.098472426,0.30831049
15,6,consecutive,1.997129212,14.22316061,490.9436147,31.58725336,1112.081721,-0.085134093,-0.775211773,-96.19731764,-638.9951204,0.117472156,-1.053655365,98.90525161,543.8375125,-0.132696299,0.499170758
16,1,single,2.103792036,12.12860371,411.7804878,28.69355033,1089.317634,-0.130852053,-0.810283478,-115.7424949,-637.0671752,0.12549718,-1.316156047,97.87210769,525.1484638,-0.099751532,0.28573939
16,2,single,1.032589165,7.831522339,286.92228,28.79173126,1053.649209,-0.064443876,-0.667189463,-119.7493244,-737.4163601,0.09280387,-0.703630658,109.1983326,425.7631396,-0.121585133,0.273072902
16,3,single,1.59474614,10.45965878,367.3502624,27.51385612,1076.586763,-0.095447148,-0.842379887,-119.8150801,-699.903242,0.11092806,-0.980283941,108.222758,477.0375396,-0.106839208,0.352313091
16,4,single,2.015426402,9.517546433,317.3720689,26.98844799,1234.687457,-0.082992289,-1.090658873,-111.8193101,-727.3542227,0.131456599,-1.462001843,105.54471,604.2901208,-0.102313237,0.656850016
16,5,single,1.519559621,10.05477721,313.1285712,29.20767412,1055.137316,-0.090081398,-0.77638135,-113.6946607,-679.3856451,0.115743913,-1.033387831,100.9164356,491.9033181,-0.094977625,0.242517549
16,6,single,1.364764593,8.205264199,241.3831736,28.2824276,1058.589676,-0.07274908,-0.661707989,-108.3813897,-720.8721957,0.108143858,-1.092821363,102.4865302,541.0562827,-0.100426875,0.479414304
16,1,consecutive,1.525682424,10.37006309,318.3877504,27.071381,1087.756401,-0.067786098,-0.652079539,-110.71842,-747.7155997,0.118112286,-1.220728664,113.037849,521.4834904,-0.131404514,0.47170247
16,2,consecutive,1.80778675,9.743275114,292.9360396,26.66540621,1141.601646,-0.073830994,-0.729482294,-112.3951157,-715.3337714,0.112676157,-1.148617293,111.6632337,560.2310589,-0.129919829,0.541789847
16,3,consecutive,1.540665051,10.60721635,393.9144918,27.01309413,1103.398529,-0.086846884,-0.785217677,-122.4290431,-693.0908649,0.11658111,-0.953809789,110.3760513,521.564413,-0.114323935,0.290458753
16,4,consecutive,1.381242633,10.26832991,369.169006,26.6232147,1057.868985,-0.087478482,-0.641044912,-122.3764179,-699.9781478,0.116875624,-0.989616264,109.5381893,500.194289,-0.12127064,0.287454881
16,5,consecutive,1.470965143,9.915988494,400.9376037,26.94089248,1104.617954,-0.088922385,-0.706480003,-123.3430643,-687.3947019,0.131396268,-0.919787068,106.7150399,461.8986092,-0.106722744,0.219319837
16,6,consecutive,1.311317747,10.60913018,375.5949498,25.8370034,1028.01842,-0.078119003,-0.683407901,-117.2356328,-676.9561584,0.112171699,-0.857018877,104.7942297,473.5904896,-0.118641945,0.335893581
17,1,single,2.152207867,7.541952491,217.4278271,27.67385863,1081.76384,-0.092509314,-1.172782559,-86.27950938,-631.4298449,0.133898132,-0.623133345,91.02928022,497.5587266,-0.170091967,0.282827423
17,2,single,1.415703463,5.801838746,114.1385757,27.47240981,903.5348027,-0.074966998,-0.755742309,-83.76137556,-631.9788875,0.157080552,-0.894777073,84.09620713,480.9953373,-0.104982378,1.148355229
17,3,single,2.538129702,6.843703156,160.9887183,28.15415545,973.6416252,-0.065163746,-0.725007824,-87.19860671,-550.6133878,0.142898586,-1.218043735,99.67126517,492.8944912,-0.193815823,0.359386993
17,4,single,2.387052769,11.51022838,324.9095874,28.08718702,958.5316371,-0.063657976,-0.447005147,-86.22126192,-546.6976027,0.166255175,-1.586951777,90.68352946,529.8892179,-0.189225148,0.814558145
17,5,single,2.902561993,6.248664479,104.9115086,26.20465058,913.5712014,-0.087038922,-1.004499379,-84.67646248,-598.1370816,0.17500687,-1.769099188,91.11823333,563.1862616,-0.196498089,0.863802552
17,6,single,2.93833985,7.985774405,201.6417736,29.28031802,974.2224249,-0.063107123,-0.539178291,-89.46383475,-609.1268528,0.179079416,-1.882096263,88.76129485,604.3901431,-0.26875966,0.833266771
17,1,consecutive,2.140056448,8.896715575,259.8558906,28.94253267,1040.682182,-0.092020821,-0.707290067,-85.79002881,-593.8632545,0.165930204,-1.495065675,83.33987158,549.3337142,-0.174849279,0.751507298
17,2,consecutive,1.776324523,8.907087765,264.9925523,30.39702359,946.6714251,-0.099954872,-0.562898495,-88.38606649,-525.0648155,0.16179274,-1.184495002,82.42467469,468.0168761,-0.148301135,0.516174858
17,3,consecutive,2.000662116,6.66729895,178.7454657,28.2787818,965.8059674,-0.086581,-0.711404302,-84.98333845,-577.6508992,0.164334303,-1.390333252,84.04676612,483.5518087,-0.195127825,0.654851081
17,4,consecutive,1.888465764,6.643924598,183.3436118,28.55919218,952.4965152,-0.096024934,-0.7012261,-86.54115466,-550.3431781,0.155575404,-1.235925325,86.4356206,502.4729101,-0.159477317,0.603475562
17,5,consecutive,1.919655903,7.342317996,217.2181788,28.1684541,970.0682339,-0.077352546,-0.621272704,-87.27580043,-585.2980693,0.133974608,-1.101414367,90.72121658,513.6478682,-0.169208522,0.639621102
17,6,consecutive,1.821350327,5.978357664,137.908311,27.806193,935.2435011,-0.075166793,-0.615021822,-85.48349724,-567.6759273,0.145551449,-1.1821472,86.02554583,532.2084771,-0.136972364,0.488584902
18,1,single,2.089084492,8.336231782,330.2179231,33.03613361,1079.450569,-0.119798604,-1.713560592,-94.41812058,-707.9042058,0.127621118,-1.178811948,75.99067765,429.1122497,-0.130138345,0.89954228
18,2,single,2.293072155,11.75107403,432.2960428,36.76920356,1094.435941,-0.152614677,-1.650505878,-104.1539645,-639.9344125,0.167724824,-1.56932065,84.86141003,482.3948487,-0.081710161,0.783172149
18,3,single,1.902165726,8.853820369,322.8291198,36.20622871,1094.197711,-0.105596334,-1.352515159,-102.9944136,-709.3852782,0.134043557,-1.301212214,83.80111348,465.1850065,-0.101964214,0.694759983
18,4,single,3.358802601,8.715785221,346.6213091,32.59116416,1133.497269,-0.141634237,-1.635796997,-94.81657889,-662.1662464,0.155996138,-1.803468188,87.3916482,622.8296521,-0.24638312,0.935505317
18,5,single,3.310848214,10.47304206,361.6904395,36.39915383,1157.747734,-0.120883154,-1.390937141,-98.9622854,-713.4726975,0.184527419,-2.120172271,81.04069758,629.6379904,-0.252115573,1.425659752
18,6,single,3.060659447,7.075677398,272.0585754,36.19570608,1073.845321,-0.098044001,-1.128748058,-102.8029506,-704.913032,0.17129729,-1.849565553,85.32860967,674.9699254,-0.234608827,1.242630674
18,1,consecutive,1.958903715,7.619665853,271.6956801,35.8752886,1096.46643,-0.099998585,-1.103786017,-108.5501908,-676.8558368,0.144373738,-1.402750897,89.56365138,582.9435786,-0.139717046,0.642814136
18,2,consecutive,1.913704491,7.845595454,310.030936,35.33898986,1120.329165,-0.09761958,-1.055539501,-109.2282428,-758.467881,0.136105493,-1.248477053,90.57167829,581.4526467,-0.149861717,0.609965093
18,3,consecutive,1.89724636,4.780089204,175.4551013,35.15424739,1039.378104,-0.093730535,-0.993793981,-109.0128263,-701.3851,0.133402956,-1.236260053,91.55504024,650.9544905,-0.133685742,0.729005944
18,4,consecutive,1.953712279,7.481287005,285.4703771,36.51424541,1086.641896,-0.106823488,-1.043411241,-108.7318664,-705.0976111,0.12848908,-1.326008175,89.14210034,609.8059925,-0.128741114,0.54862846
18,5,consecutive,2.158753929,6.513777973,233.6858132,36.62638525,1018.349497,-0.114207197,-0.919266203,-105.3662044,-681.060983,0.145287978,-1.498119472,85.70251337,674.7629656,-0.159920591,0.56303194
18,6,consecutive,1.564827393,5.403413728,194.0466754,36.22407772,1016.238982,-0.094957704,-0.89377034,-109.7147659,-654.1944457,0.135462376,-1.050269346,89.89158422,583.1001098,-0.137766014,0.443168819
19,1,single,2.175945498,8.326785355,254.6802507,25.40096667,1055.526017,-0.086574479,-0.672614808,-84.92825304,-605.5042869,0.138572249,-1.266011295,104.5520719,568.7686772,-0.141375822,0.982045332
19,2,single,2.11236088,6.387859895,104.6477692,28.90549871,940.4553008,-0.093062652,-0.703850365,-93.98542792,-582.5751266,0.134962529,-1.359725006,110.914641,645.5008432,-0.146510862,0.59578679
19,3,single,3.08786149,6.834331906,103.9702517,29.80606135,924.3254955,-0.135773069,-0.986989625,-105.543417,-583.7336815,0.190541692,-1.943386759,106.0821477,597.8388365,-0.214337243,0.715965905
19,4,single,1.399723089,3.960831844,104.1335381,27.67228379,760.3895801,-0.090345405,-0.458805356,-99.51868937,-552.3017006,0.092634497,-0.695931356,117.2736952,447.8032815,-0.057547576,0.643613927
19,5,single,1.870068253,6.467315268,149.9388349,28.27334397,910.7283529,-0.119951044,-0.848476264,-103.8516301,-516.127725,0.147577601,-1.244566157,101.358533,510.6046004,-0.088626538,0.885045156
19,6,single,1.898606019,5.537544006,128.9112096,29.76582681,687.0570513,-0.107580194,-0.685195124,-116.3742093,-557.288973,0.138308638,-1.331859292,119.6101876,507.9271168,-0.113935953,0.395078994
19,1,consecutive,1.756641983,10.10110764,346.7873316,29.8356532,939.5801867,-0.122600579,-0.697433806,-93.96058766,-538.7261251,0.14420106,-0.993070868,97.76801864,509.331289,-0.171979236,0.380845174
19,2,consecutive,1.897612062,11.87493872,452.9910317,28.22577256,959.981224,-0.129093483,-0.680197557,-86.49672322,-588.5528312,0.145347152,-0.85243744,94.4015089,445.7742533,-0.179428866,0.385690844
19,3,consecutive,1.968702002,11.27721557,421.3909321,28.8415192,917.6861904,-0.132254424,-0.69860568,-87.91609409,-531.9961256,0.154639798,-0.937499637,92.77994259,449.6095987,-0.177708943,0.283974956
19,4,consecutive,2.058028551,11.41881393,460.7366404,30.2633061,977.9411633,-0.14211813,-0.953300844,-88.68620415,-532.8734142,0.158578379,-1.172136561,90.81658451,525.51721,-0.16790406,0.381406715
19,5,consecutive,1.803962279,9.370545074,396.2253348,28.40591477,992.6350317,-0.122100026,-0.754442166,-90.93737482,-565.9333095,0.136888123,-0.911126862,96.97529466,505.4542167,-0.18781507,0.356305528
19,6,consecutive,1.560779656,7.903233778,269.970009,31.5699755,964.2762165,-0.110552388,-0.65651113,-99.20648879,-553.2256997,0.129011147,-0.888838925,105.9844766,554.3008822,-0.172266764,0.391174715
20,1,single,1.045174222,9.384899332,256.8822302,40.20984966,922.847175,-0.071686602,-0.616701363,-118.9730367,-720.2952499,0.110239077,-0.925479848,98.68754678,428.7203448,-0.087721692,0.377628702
20,2,single,1.389769526,12.94418291,379.8276666,39.32209378,882.0668955,-0.091329847,-0.706955559,-116.9411331,-613.838942,0.122443381,-0.854153122,98.08002609,432.1512448,-0.102018541,0.390411801
20,3,single,1.775329739,11.05408907,313.0953669,39.05092662,948.9706823,-0.090835613,-0.764638689,-118.2312262,-572.1904473,0.13877295,-1.131741166,100.9235885,542.5775634,-0.127518128,0.631992388
20,4,single,1.244137827,8.980692128,232.2618873,40.35386988,931.5782154,-0.077944298,-0.796552496,-120.4542891,-690.819241,0.110638867,-0.782785074,98.60159235,406.0526662,-0.092659351,0.294441094
20,5,single,1.394089654,8.759482232,237.3205252,39.06034069,996.3332757,-0.070224591,-0.697497855,-112.0925357,-700.6228241,0.105247845,-0.999081614,96.96682038,415.8755446,-0.084124113,0.543085861
20,6,single,1.625537653,11.48220005,360.3962415,37.15994865,938.6011102,-0.088569058,-0.721935661,-113.4616197,-594.1500986,0.142195875,-1.1357142,96.57828157,470.7290803,-0.101122075,0.556686077
20,1,consecutive,1.408538194,14.25621106,434.2106885,36.07247714,887.0428973,-0.086981642,-0.593713317,-103.6405262,-638.3144224,0.12855947,-0.904322246,93.43365086,486.4467134,-0.157558806,0.389483294
20,2,consecutive,1.631439918,14.40687074,436.658982,35.9743529,804.8533148,-0.086663575,-0.489691046,-98.34262828,-648.4178905,0.13170459,-0.837488037,86.03027258,442.1197239,-0.13573868,0.44226485
20,3,consecutive,1.492578192,12.27022052,344.357087,33.27886538,873.2466768,-0.066953394,-0.510762448,-98.81895442,-607.6148652,0.121322488,-0.761057674,90.36322981,451.955805,-0.128252574,0.357937961
20,4,consecutive,1.497667228,10.58803228,287.5451597,31.99330722,908.4817395,-0.072994989,-0.698246693,-97.55688904,-587.1671097,0.123432964,-0.762264744,91.28652946,439.390098,-0.141155859,0.272888256
20,5,consecutive,1.282307738,11.33446738,306.3336739,33.86285514,825.3881003,-0.064813171,-0.415278442,-101.7152962,-646.668273,0.114662398,-0.743358413,92.66921448,456.1000619,-0.126828877,0.362393114
20,6,consecutive,1.412730215,10.78211438,291.7342842,33.01681797,849.1272057,-0.074448587,-0.553913553,-98.78997639,-586.4887587,0.121900656,-0.759636879,92.08140838,457.5569746,-0.135934562,0.290324393
21,1,single,1.331850513,8.297269149,247.6913836,30.88456701,841.3289149,-0.082589204,-0.68546047,-100.9968065,-665.036827,0.096746605,-0.774429258,100.4647283,501.1660178,-0.121502203,0.699321227
21,2,single,2.235994913,9.025471618,291.9782719,33.92188827,876.4593759,-0.105194271,-0.880995399,-109.0456777,-651.1169839,0.153989802,-1.460363556,106.8662454,586.5653709,-0.162854685,0.746551182
21,3,single,1.460409116,7.86474051,247.7191101,29.2668655,820.3733286,-0.084741103,-0.596092564,-104.9018717,-643.467655,0.099225884,-0.982203,106.0363418,568.9956879,-0.1501741,0.836817816
21,4,single,2.001867965,6.288358877,202.4946722,30.68597396,868.1119249,-0.094781801,-0.871757404,-109.6002757,-628.5318272,0.126759752,-1.390501222,104.6935237,554.6944129,-0.137218917,0.592912274
21,5,single,2.526800056,9.125193553,308.9781447,34.11989591,924.7150739,-0.12701272,-1.024499819,-106.0179652,-616.6987929,0.164287136,-1.771565178,105.1051609,567.8633377,-0.199693364,1.053024713
21,6,single,2.179361824,7.4901485,228.0438967,28.70168183,818.1964624,-0.067203594,-0.602907237,-104.5367578,-580.578371,0.141314243,-1.432948631,105.3528399,561.7333114,-0.23016861,0.514410536
21,1,consecutive,2.509366141,11.97744698,375.187582,35.28549473,837.8019209,-0.123721157,-0.956274797,-91.55006418,-541.6005626,0.165406983,-1.547532261,79.74049669,506.2731563,-0.211733152,0.661456375
21,2,consecutive,2.000644934,13.31213452,418.599199,36.29064818,785.7180185,-0.123310065,-0.75409869,-92.11694333,-482.0738029,0.139704009,-1.042967971,78.28767954,430.8520899,-0.156582649,0.354109388
21,3,consecutive,1.878629766,11.65691606,370.0393359,36.25729126,765.8608818,-0.113659826,-0.745473971,-92.60846613,-514.0133628,0.125797321,-0.946700033,80.73902436,446.7082914,-0.165795053,0.409212248
21,4,consecutive,2.173353287,12.27543341,367.5555867,35.61875291,820.1730837,-0.118602246,-0.752815566,-91.88559122,-539.299665,0.146250326,-1.212542742,81.80630683,499.149125,-0.205524882,0.365124512
21,5,consecutive,1.939856775,12.67298267,399.0553308,35.38577631,788.2488514,-0.114906449,-0.712233458,-94.44294919,-489.0905666,0.12928899,-0.969560202,83.03588206,452.8896343,-0.174905667,0.392508409
21,6,consecutive,2.014362144,10.62278626,335.8914046,36.48890327,760.9523263,-0.116354214,-0.815799522,-96.74292897,-496.7792547,0.145292718,-1.054739754,84.55526449,429.9931404,-0.15784288,0.313309931
22,1,single,1.570793018,7.408224478,292.9818293,27.81929255,1057.826826,-0.095897509,-1.412949957,-88.91608266,-669.3376378,0.14765675,-1.618943468,100.0896806,532.9489946,-0.116194678,1.375329467
22,2,single,2.008654982,8.14755195,266.9941995,25.20874835,1116.095765,-0.098026266,-1.372229321,-80.90686576,-679.3509521,0.136936475,-1.350331805,94.59753629,503.9706116,-0.191386306,0.845939882
22,3,single,1.967817011,9.418585109,350.2399854,25.89789937,1189.834298,-0.125560615,-1.6680896,-83.67772383,-661.4907604,0.148613145,-1.208260326,97.36462844,536.3624875,-0.205019118,0.682415137
22,4,single,1.875800631,13.5219774,510.4557346,31.93572321,1244.262279,-0.119890541,-1.650188833,-82.32503673,-780.0026788,0.188411011,-1.781947027,89.49379037,560.1387827,-0.174506027,1.151806806
22,5,single,2.0118603,9.231433891,329.9671489,30.67105119,1070.065773,-0.079029109,-1.222751,-89.66401658,-662.6311679,0.157836302,-1.260232152,92.24523389,454.1222396,-0.139827196,0.768969084
22,6,single,2.498114649,12.6519522,485.2269963,29.78157346,1125.061012,-0.110577424,-1.306769759,-87.26688465,-631.3915831,0.151048015,-0.986798326,97.8824071,423.1107868,-0.223629767,0.517234501
22,1,consecutive,2.341564245,11.380557,370.1929682,33.0206091,1074.94734,-0.102249684,-1.015941661,-88.38745465,-614.3902979,0.16520361,-1.436424922,88.94820656,541.1428149,-0.215290368,0.831209553
22,2,consecutive,1.845473198,10.66643103,342.5132943,33.10292216,1037.130985,-0.107188851,-1.271316256,-86.88422817,-615.3927004,0.142525538,-1.107546343,86.74407992,468.3980915,-0.185568751,0.680740974
22,3,consecutive,2.430941521,10.4291123,360.3944381,34.41658183,1101.259567,-0.11133629,-1.217152917,-90.16458715,-634.0063764,0.165622719,-1.304296427,86.32378758,498.5918146,-0.243587196,0.569026864
22,4,consecutive,2.195300941,13.1836979,436.2338205,33.50257759,1004.637801,-0.115542232,-1.205751437,-85.49967159,-555.011607,0.159183923,-1.192888536,84.4037743,463.6351291,-0.210261863,0.574927693
22,5,consecutive,2.174877154,8.757649994,277.0175896,33.44162196,1001.84138,-0.093177697,-1.055699401,-88.85681994,-583.9143943,0.154503714,-1.330946686,87.33005124,503.9798096,-0.197808794,0.757619897
22,6,consecutive,2.276878389,8.878324344,277.0926338,32.53772176,1082.57488,-0.10834849,-1.309622766,-87.25554052,-575.9862351,0.153898182,-1.265306673,87.67094687,522.6291409,-0.212525579,0.628864121
23,1,single,1.666884344,12.21516668,427.88081,35.07032585,955.5940669,-0.092236051,-0.638564241,-121.8904541,-625.0009259,0.119621499,-1.102465779,102.286173,476.0458294,-0.130164289,0.204322711
23,2,single,1.799154807,10.18086232,411.2728368,32.38265471,1021.468078,-0.100573968,-0.911764369,-118.8370551,-685.6624027,0.122035686,-1.101633526,100.2917336,441.5964214,-0.156313904,0.331690078
23,3,single,0.998864493,16.60444,548.3228408,35.65638619,936.6690058,-0.070890197,-0.385130936,-115.2236896,-677.0776232,0.109610014,-0.578829977,101.5572955,377.77401,-0.094996838,0.212758183
23,4,single,1.194251986,11.59629112,436.7828757,35.46874923,961.2919251,-0.08088376,-0.710331256,-119.8710199,-674.7029696,0.11848552,-0.720356808,100.0734909,389.409289,-0.081428961,0.190288532
23,5,single,0.998727947,10.61855145,374.1354448,34.15565328,958.5043534,-0.068137472,-0.719762859,-115.9805948,-711.0607675,0.105118031,-0.692166364,106.7263192,425.0465858,-0.092820761,0.357283321
23,6,single,1.674448473,16.42709174,575.7701009,33.0710407,1039.08567,-0.103168766,-0.72404409,-120.2495238,-673.1360766,0.119121297,-0.932008957,103.4304295,412.8631467,-0.1143534,0.161568341
23,1,consecutive,1.423316699,12.29814419,407.7794766,33.68383539,851.8988217,-0.084622013,-0.518884113,-108.4036474,-680.2272153,0.128939817,-0.833687557,95.32248574,369.0981083,-0.129828066,0.409493449
23,2,consecutive,1.424400856,11.80283288,416.3055305,34.07454832,856.0933786,-0.096205101,-0.654789937,-113.075682,-663.0256923,0.128979047,-0.912573473,101.9324944,391.8102558,-0.139515197,0.362182983
23,3,consecutive,1.477452124,11.42565638,404.4261717,33.97747064,910.6110251,-0.082688738,-0.570212665,-116.9615331,-664.7998315,0.126497307,-0.98464624,105.3337868,399.1469538,-0.148767791,0.247852491
23,4,consecutive,1.618593445,13.03657327,470.9663475,33.0940367,928.7870804,-0.101516785,-0.630469208,-109.3795216,-693.6549617,0.127160058,-1.047525205,96.86688789,418.7014012,-0.147325083,0.318207639
23,5,consecutive,1.468395527,9.643458254,354.393138,35.86270852,826.3705324,-0.098983012,-0.480533075,-118.5298365,-637.7910582,0.133068032,-0.996400957,104.3953257,398.1687653,-0.147555539,0.285764028
23,6,consecutive,1.306900942,10.39608666,389.449866,33.72794902,859.3460653,-0.084551613,-0.539300681,-115.9457049,-658.4884232,0.124203165,-0.795028425,105.5800708,407.7035188,-0.135166076,0.310066185
24,1,single,1.43549979,8.735394312,34.71903812,23.21708316,677.1433307,-0.08912748,-0.913881116,-98.66878488,-667.5445486,0.150535032,-1.308996966,100.0296453,603.2631209,-0.154645244,1.628859763
24,2,single,2.136798863,7.621317591,10.34974447,17.69155151,655.4017166,-0.093491358,-0.816233647,-88.55768887,-599.3846459,0.126997226,-1.197179224,99.49437448,617.9512933,-0.181823862,0.637488143
24,3,single,2.991149596,11.3858324,412.6340065,21.28058127,1016.964245,-0.123918903,-1.553999393,-97.48467114,-533.5198153,0.158792052,-1.386110977,96.83049026,490.3029086,-0.271731999,0.240337588
24,4,single,1.676735655,8.173827231,204.6782113,19.1341042,896.028433,-0.070702261,-0.662869385,-86.35471482,-622.6746693,0.104434995,-0.713519039,96.38205148,451.0689169,-0.157411716,0.418644802
24,5,single,2.902854544,6.827824296,166.7042743,19.48780685,822.9418297,-0.140668454,-1.541919593,-89.95525714,-509.1668409,0.161089322,-1.372975888,99.752561,496.4229241,-0.2087447,0.760253371
24,6,single,2.390437993,7.092540909,71.37093178,22.25804274,857.5383625,-0.108117748,-1.173923247,-93.94492871,-549.2266292,0.161963991,-1.52302681,95.98832215,601.3691317,-0.184034808,1.073046588
24,1,consecutive,2.494121418,8.440899727,227.2463855,22.71430703,961.6041337,-0.097132869,-0.941813956,-92.10234562,-626.2081951,0.150409257,-1.386583269,98.25783665,577.787419,-0.255540492,0.591002735
24,2,consecutive,1.567500625,8.177993598,191.289384,23.43941691,869.4757147,-0.094125946,-0.875140777,-94.90921665,-650.2017924,0.119791421,-0.870056582,94.86811631,515.3976612,-0.179806926,0.702982253
24,3,consecutive,2.136159992,7.966004566,170.1754876,22.26334294,871.773878,-0.103994369,-1.09143439,-88.8706953,-632.1660934,0.155126816,-1.25005034,94.34352848,565.0442194,-0.195805951,1.15758959
24,4,consecutive,1.62259993,10.11636558,267.3368611,22.17268533,826.3308129,-0.113339129,-0.834567371,-89.79532327,-615.5151015,0.128889153,-0.769528081,87.5588668,450.6962459,-0.172777613,0.507766917
24,5,consecutive,2.004628111,9.460073499,269.3689165,22.65915878,884.3424671,-0.107355209,-1.104913372,-89.52405948,-618.627283,0.144408548,-1.057284112,90.22235502,499.6899716,-0.188885301,0.612765361
24,6,consecutive,1.818703305,10.30955395,288.7925883,22.07438266,869.2747181,-0.102998335,-0.935000208,-92.51341762,-676.0928742,0.135588195,-1.014697687,88.69622523,449.4589894,-0.171444484,0.599615471
25,1,single,1.542935381,10.49003888,307.2434812,21.41979176,950.2030089,-0.110181147,-1.243114157,-90.91228036,-609.9184187,0.126050404,-0.818624974,70.11490128,295.689433,-0.104339523,0.543663071
25,2,single,2.028178149,8.070370064,239.3164875,23.74329528,922.602157,-0.095538677,-1.046565986,-84.64999787,-521.4621867,0.132004652,-1.201756129,60.1401659,401.5623748,-0.110097847,0.514672034
25,3,single,1.432038241,11.07446168,369.7221244,23.22635803,986.1472615,-0.097655388,-1.287619802,-89.04437302,-586.687099,0.116097498,-0.771388789,68.95350834,276.5385981,-0.109902278,0.27753473
25,4,single,1.748177233,14.86954299,493.9303545,22.900055,954.4231562,-0.119403606,-1.091435059,-78.65351968,-490.4742779,0.138488058,-0.671640465,47.34064283,202.2992711,-0.038865771,0.157831245
25,5,single,2.089269914,10.04531207,313.4806376,20.42841706,984.4040536,-0.095900115,-1.162076862,-78.0746434,-441.6680806,0.110252529,-0.849753813,63.45789677,326.1731662,-0.093561072,0.287622603
25,6,single,1.624211309,8.842758987,263.6121282,22.81622592,968.0845623,-0.111599006,-1.377013254,-86.6247463,-568.0962548,0.116095581,-0.705249874,75.42766981,321.8270737,-0.099410335,0.301238483
25,1,consecutive,1.742064122,10.1094137,300.6556715,25.24483477,815.655197,-0.112701556,-0.743942282,-98.1643764,-497.7573683,0.111958733,-0.793819244,87.13503545,439.8815007,-0.108017002,0.301261891
25,2,consecutive,1.779174279,9.813704101,295.3362729,24.57780538,832.1921617,-0.10883259,-0.766588734,-93.10741556,-498.3307241,0.111381612,-0.778344112,83.60619228,438.7392088,-0.124712985,0.275413014
25,3,consecutive,1.995386573,8.170227058,245.2741228,25.11458801,845.0581393,-0.103445812,-0.836141604,-95.21773356,-486.5871516,0.132291351,-0.966231408,87.87385794,516.927427,-0.132707948,0.414822004
25,4,consecutive,1.947204193,8.325004134,227.7569792,24.5166053,842.3376115,-0.108201558,-0.93873521,-96.70955042,-505.4613815,0.124911117,-0.927620499,88.60083133,488.3207907,-0.129604295,0.374805267
25,5,consecutive,1.543709044,10.39691125,302.4560772,25.20872426,780.8680999,-0.10807296,-0.827209708,-93.8856714,-468.2518625,0.111952035,-0.72607297,81.77025208,396.121792,-0.10770484,0.201136037
25,6,consecutive,1.962190409,9.549496453,286.0935329,25.66301303,838.9980475,-0.105321799,-0.857911042,-94.4728194,-484.6302714,0.127844352,-0.912228104,84.794601,435.359241,-0.123094861,0.329006709
26,1,single,2.832826209,14.05220883,466.4326241,31.92082171,1054.295467,-0.127341824,-1.111141946,-76.646358,-572.0705369,0.190540516,-1.901729777,50.48510632,432.9232097,-0.159589577,0.500107946
26,2,single,2.023071982,11.19602762,380.398309,31.74827835,1028.207746,-0.126823766,-1.224054167,-78.46452163,-543.2738916,0.164527923,-1.443005413,93.23389435,432.3081941,-0.110146361,0.342232607
26,3,single,1.765085523,11.72275221,376.093645,33.49000883,1007.705399,-0.105211523,-1.144582756,-83.68165809,-622.2925226,0.119494277,-1.040776572,63.05216685,487.4136893,-0.080186566,0.349552572
26,4,single,2.438344982,10.3214621,342.5181144,29.90097022,979.4273527,-0.124336685,-1.277031269,-79.22745963,-574.3765558,0.145058726,-1.454114286,60.3156404,531.4461261,-0.109850754,0.552014292
26,5,single,2.133996157,12.88036271,429.8034952,32.64237897,1001.85951,-0.130595754,-1.226543101,-81.25927851,-561.1306557,0.156792572,-1.400203015,52.06404819,442.3786165,-0.077389682,0.313211376
26,6,single,1.884650256,7.485406336,231.7984154,31.47467389,972.2226934,-0.096921839,-1.147875604,-87.79736861,-608.3964799,0.144992914,-1.411105297,68.35195859,522.2306494,-0.097731181,0.395312911
26,1,consecutive,2.092100282,15.6684011,584.3039778,33.59087943,967.870586,-0.129288417,-0.796646929,-87.23484816,-651.0132578,0.147946208,-1.100434698,69.6622818,474.8972288,-0.127987809,0.447078333
26,2,consecutive,2.123233234,11.68136785,409.7312838,32.99796554,907.2730978,-0.112011827,-0.715535881,-93.22260502,-617.2781433,0.117366932,-1.163682924,82.81079357,550.878734,-0.153543532,0.361799375
26,3,consecutive,2.234067771,15.57036251,557.9217339,33.87535708,965.9323762,-0.127589455,-0.722105365,-85.2719317,-600.2471748,0.155695149,-1.297156356,65.25048008,459.9975344,-0.14891149,0.41346716
26,4,consecutive,2.148871866,18.57803961,678.5058103,34.665257,988.4619023,-0.125564225,-0.716044132,-88.61459773,-632.0000938,0.147978028,-1.174968384,69.12186049,487.5020004,-0.131567631,0.447844804
26,5,consecutive,2.100339317,14.74705922,558.4175447,34.19758095,989.8597198,-0.127008569,-0.856182935,-87.71030517,-619.6045202,0.146168373,-1.190435006,69.16936051,503.1725525,-0.127701127,0.34997314
26,6,consecutive,2.052701675,16.12712821,610.3407648,32.72399666,981.3628212,-0.142379179,-0.809547354,-82.17288266,-621.6377054,0.163167929,-1.100474496,59.74894423,425.8395448,-0.104840468,0.269322317
27,1,single,3.186044184,8.82554716,178.0645196,14.71355758,1071.692988,-0.160935701,-1.914636462,-54.9539611,-574.6664095,0.175528341,-1.34743762,54.71643827,556.7158181,-0.278639226,1.219446807
27,2,single,3.375259146,9.618571042,233.5652533,20.59809744,1145.828467,-0.150034324,-1.619094006,-57.58682195,-659.7571332,0.169997615,-1.791278109,45.16852166,542.8100929,-0.167770501,0.660920467
27,3,single,2.696921415,16.71751345,415.9279053,27.36226787,1179.036684,-0.155357389,-1.51110308,-69.15205024,-612.7090346,0.175251306,-1.737096774,60.82421669,480.6750262,-0.217282531,0.815554483
27,4,single,2.901489651,11.09734564,191.2994317,25.78208956,1076.551604,-0.145547351,-1.457421777,-68.86519655,-591.9360113,0.175598579,-1.496382174,59.9171394,511.5603155,-0.170876735,0.882482845
27,5,single,2.944909508,9.462767144,250.4796366,16.0092564,1096.147173,-0.141560888,-1.65919517,-54.23023913,-546.7206609,0.152064085,-1.247856164,53.81292807,521.201263,-0.196364274,0.712921594
27,6,single,3.039481244,12.49045858,248.1723319,26.05009947,1169.016609,-0.117111856,-1.378595363,-69.85140594,-631.2640737,0.17129829,-1.643327939,56.70368662,568.5602763,-0.176410573,0.964954013
27,1,consecutive,2.074421836,9.244171109,191.6089797,27.19864559,709.7974959,-0.112973352,-0.747653046,-72.47830065,-484.2899219,0.150046762,-0.935768915,69.05233126,393.0546553,-0.108585655,0.721639527
27,2,consecutive,1.765000579,10.59647576,251.760304,27.58281491,840.5104659,-0.099073092,-0.677229861,-76.12239776,-507.1406017,0.148670124,-0.960674399,69.86776865,406.2649749,-0.098670197,0.414174605
27,3,consecutive,1.709551559,12.14352332,263.3221722,29.41313873,824.8699141,-0.107971993,-0.714079192,-76.05606609,-588.2528451,0.149163663,-1.058451533,69.13276917,426.5807718,-0.120231116,0.786542184
27,4,consecutive,1.916899809,13.21864453,311.990674,28.2486953,883.4348882,-0.113829461,-0.734259092,-75.88685862,-585.2715132,0.156853377,-1.02642716,68.50093616,436.8629075,-0.120432679,0.680138718
27,5,consecutive,2.386424439,14.02281209,362.4398699,30.81279107,1006.550331,-0.098662852,-0.816629884,-78.76146957,-598.3524914,0.158925798,-1.396001925,70.47340857,530.7182473,-0.163633827,0.624051577
27,6,consecutive,1.951478316,12.57331708,322.4887658,30.36492314,935.0984753,-0.099759269,-0.681118273,-78.91001045,-571.5081652,0.143337531,-1.189331531,67.41664653,506.3234978,-0.127006289,0.562793538
28,1,single,1.672426434,4.37326208,229.5404751,31.46719396,831.4585831,-0.12296212,-1.102046145,-86.28328829,-549.3468037,0.134416324,-0.859042122,75.45616032,379.5340596,-0.095963637,0.268582562
28,2,single,1.677000948,5.331432779,244.3760696,27.19127829,810.8284568,-0.129238941,-0.803124742,-88.93497967,-542.222548,0.123662452,-0.742762147,71.35054823,309.2427485,-0.071634447,0.323065046
28,3,single,2.015111005,7.159468248,291.5818544,31.67911431,864.0211222,-0.143306967,-1.073473149,-82.75688288,-484.6123988,0.157475049,-0.854470604,69.13606118,296.0694468,-0.085649324,0.326491
28,4,single,2.294258536,11.0766566,405.0246248,32.28955187,947.3952503,-0.130253764,-1.196472673,-74.09860718,-520.4868495,0.159881561,-1.121073549,51.90355034,374.3082338,-0.070799532,0.277294009
28,5,single,1.477813387,11.68290426,336.8696945,33.50235665,867.0452278,-0.102759147,-0.633764847,-82.78491432,-564.3026449,0.139577992,-0.730347327,59.65897383,310.7982495,-0.048636508,0.236828527
28,6,single,2.284241272,7.714205098,321.1806347,31.98112975,926.2928146,-0.139875372,-1.392414026,-75.76515644,-544.458634,0.148395507,-1.05578607,60.13423545,370.0436089,-0.109508959,0.341034152
28,1,consecutive,1.599492737,5.816372393,228.4823607,31.62995519,768.1545529,-0.09277199,-0.532349081,-94.94065439,-574.3016444,0.118446144,-0.812687982,98.30810996,506.222335,-0.125903849,0.187877585
28,2,consecutive,1.998251922,10.04702767,361.3094447,32.15381526,841.702848,-0.115254967,-0.70910924,-95.32567261,-627.3449546,0.15493398,-1.042244227,94.77799519,528.9883706,-0.134725635,0.382062121
28,3,consecutive,1.578409778,9.412335725,340.6053596,31.42853156,847.3297548,-0.104512812,-0.649815704,-96.00926521,-620.1914638,0.123090018,-0.807231833,99.41720868,540.5931384,-0.138434211,0.362013795
28,4,consecutive,1.761134482,7.643953816,298.1552579,30.83311398,863.1403124,-0.105334576,-0.730379064,-96.78065922,-630.5733198,0.12676004,-0.982413928,98.53371408,545.5843941,-0.141269802,0.410475963
28,5,consecutive,1.576184013,7.791003415,288.2133236,29.88373209,762.984069,-0.106711723,-0.529123496,-95.44178633,-585.428397,0.119688066,-0.807954295,97.20531294,515.9860618,-0.135728883,0.337179903
28,6,consecutive,1.590626166,10.46256673,357.243963,31.00974815,763.4644201,-0.114017529,-0.589079578,-94.6498621,-572.6759509,0.118278732,-0.862773378,93.6639364,553.6697349,-0.133015217,0.354016053
29,1,single,1.863903015,10.45596777,366.1408618,24.88138703,963.0393708,-0.108445576,-1.030996976,-96.14551608,-552.3082807,0.121115549,-0.934816676,90.98175124,384.693595,-0.087891373,0.534920391
29,2,single,1.315703222,6.016999922,239.0663177,30.35049064,811.6368083,-0.07920334,-0.83720959,-109.5832004,-631.7125089,0.130658599,-1.19299157,98.09978699,468.0088759,-0.098951677,0.722606274
29,3,single,2.368727466,8.268275791,205.6511312,24.94649718,1103.742334,-0.077028382,-1.028910953,-83.47473495,-620.3954858,0.121927703,-1.029705977,91.84587839,525.0801665,-0.152215102,0.525179952
29,4,single,2.204322264,6.626612413,113.9058266,26.42621422,1007.556525,-0.071539068,-0.85220369,-100.6006946,-565.4031017,0.123890351,-1.10837076,102.1770907,514.8583008,-0.140065503,0.335341611
29,5,single,1.770452354,8.383818047,361.0861381,25.29379544,1242.767343,-0.108484065,-1.50895127,-96.73829495,-688.0779885,0.097769986,-0.913072471,100.2752752,477.0208063,-0.117693295,0.36633306
29,6,single,1.948908167,7.184979608,263.7655608,26.83049913,1162.420853,-0.091464927,-1.251531503,-98.95488224,-555.8157641,0.110524675,-0.97253203,100.275438,530.8273993,-0.103042615,0.373164846
29,1,consecutive,1.344607461,11.16576798,385.9022103,30.77763818,985.4571892,-0.09338191,-0.76326352,-102.7633376,-651.3769857,0.118133058,-0.788655072,99.40651858,443.6111604,-0.139462542,0.542106256
29,2,consecutive,1.48080387,9.462806711,345.5644229,30.35169149,1027.61393,-0.098639381,-0.855870111,-100.4343277,-650.7119226,0.128960912,-0.817949648,96.61278592,460.4362334,-0.156524609,0.562181581
29,3,consecutive,1.320934177,12.56257747,427.2573073,27.9789677,910.3644088,-0.092650305,-0.65931337,-106.7865378,-604.0158445,0.117752852,-0.85702396,100.0583528,408.1746713,-0.114669896,0.449560794
29,4,consecutive,1.49862826,9.832855406,342.5077265,30.51530346,986.1198987,-0.100031607,-0.809352025,-105.6404545,-601.6669266,0.125783489,-0.870119483,101.0845009,437.0846572,-0.173901072,0.524980888
29,5,consecutive,1.674590098,11.51313261,430.083801,29.66806271,1015.672323,-0.106737759,-0.8731073,-100.3708222,-600.3418637,0.135817202,-0.981813647,93.85472467,465.0261493,-0.143671273,0.487441579
29,6,consecutive,1.519440692,9.247615275,353.0761142,30.6566775,976.0322374,-0.099231378,-0.742153214,-106.0332557,-609.9164249,0.121119661,-0.925195009,99.41414544,423.7347359,-0.144346623,0.49668322
30,1,single,1.772586739,9.086036827,216.8333544,32.7551279,1087.471724,-0.084600908,-1.24597256,-94.11266755,-591.3300634,0.114461764,-0.877366802,88.99646978,495.6118533,-0.12109676,0.456457151
30,2,single,1.920347007,13.91039728,406.2016902,31.44153907,1177.271433,-0.091394368,-1.430389143,-102.4314183,-637.22336,0.107938454,-0.883752114,100.5542001,367.4339511,-0.148388865,0.173076566
30,3,single,2.441226258,13.06738235,395.6166056,30.55521713,1108.927716,-0.102395342,-1.331065138,-99.72993085,-589.8914242,0.1234888,-1.147163712,96.49225467,505.3315536,-0.198191525,0.442652154
30,4,single,2.127251551,15.0366044,494.9209764,33.17987156,1073.407723,-0.104544885,-1.032384138,-97.02576077,-598.8716178,0.147056212,-1.253987143,86.84802051,468.7373533,-0.126550299,0.556356328
30,5,single,2.243210548,15.05732351,451.3746962,34.04329922,1079.165216,-0.121544029,-1.109495712,-104.8212493,-561.7172539,0.134413671,-1.310239981,91.50750734,493.453757,-0.121508916,0.353908271
30,6,single,1.868766424,13.7052795,391.45923,30.96656687,1032.004878,-0.127699802,-1.5571061,-97.55679659,-574.842107,0.136664363,-0.914805732,90.12532314,442.2299605,-0.129000393,0.501703893
30,1,consecutive,1.514238819,13.77629043,387.4315464,33.25473603,1052.169083,-0.079560508,-0.677025024,-111.4184341,-603.0770651,0.117432187,-0.931613674,109.0677666,499.5670818,-0.138324666,0.380068174
30,2,consecutive,1.720212382,9.827901003,158.9174194,33.68292227,962.8301217,-0.073179301,-0.683670371,-116.4781249,-595.0317987,0.121967865,-1.103836302,111.7616316,515.3934664,-0.153984262,0.395286895
30,3,consecutive,1.951098447,10.26173706,214.3685421,32.54012679,957.5205433,-0.076573187,-0.608828635,-113.6834463,-586.3992821,0.143908147,-1.196807923,111.2822633,580.7176178,-0.172925126,0.4029702
30,4,consecutive,1.709574015,10.86240357,244.6301764,33.55898469,997.1874169,-0.073767996,-0.651618405,-113.2769671,-596.6252245,0.126144859,-1.004029935,111.4601087,525.2223061,-0.179916307,0.44922517
30,5,consecutive,1.870490675,13.23796055,324.979898,33.42150011,946.3351361,-0.08768532,-0.630976847,-115.7068797,-591.6091633,0.128038406,-1.028595403,112.5013177,523.608314,-0.181922836,0.440497221
30,6,consecutive,1.684147585,10.39976074,259.1739842,33.09913098,998.6095861,-0.083091438,-0.650236497,-109.0002832,-622.3550152,0.123805061,-0.96994786,108.3327739,493.0579127,-0.151894813,0.326030388
31,1,single,3.283273198,14.80461,615.0131656,28.09667568,1220.894533,-0.146811622,-1.781796819,-86.21063705,-655.7928672,0.184928503,-1.674241915,78.0121661,484.4530521,-0.169159426,0.710022153
31,2,single,1.504224316,10.85493652,449.5249142,28.41413872,1225.877641,-0.104508869,-1.608124435,-89.55657905,-705.3951243,0.093270708,-0.821300357,86.34079546,431.4242688,-0.153516687,0.646778452
31,3,single,2.283848461,15.56677956,578.7047586,29.97019489,1372.333737,-0.101346804,-1.444941695,-78.57660131,-733.3034289,0.163144254,-1.794045178,55.73103274,431.5505748,-0.157814299,1.012526329
31,4,single,2.857396065,11.65972935,470.2650499,29.21242639,1143.795534,-0.146780222,-1.234580816,-107.2507193,-646.1394135,0.152295157,-1.717181155,96.87064499,559.6236622,-0.193258214,0.485419129
31,5,single,2.517052008,15.79543003,633.4000881,23.93708905,1312.569883,-0.165228631,-2.260780123,-75.89241996,-620.6833519,0.137957053,-1.130390064,61.74967377,368.9432317,-0.198094646,0.486843578
31,6,single,1.350240684,13.18442381,496.209743,31.23445995,1175.979144,-0.086047659,-1.360900227,-106.8587028,-737.4203912,0.133565256,-1.348156195,96.7636735,503.7761172,-0.122882021,1.082625633
31,1,consecutive,1.683953685,7.78544124,273.2949569,29.82358977,1092.306103,-0.067751149,-0.596579883,-115.3857568,-619.443992,0.142228693,-0.885709663,106.102108,546.3335824,-0.143179839,0.57787151
31,2,consecutive,1.816539643,11.79707886,437.5055763,32.38708485,1133.806297,-0.08183346,-0.615549988,-119.3704634,-633.1550222,0.151113446,-1.012119945,107.2603484,519.5606433,-0.149334745,0.499763061
31,3,consecutive,1.246910105,11.13630244,415.8050827,31.6597618,1007.507199,-0.073584604,-0.545716729,-116.6534834,-629.3304389,0.133103841,-0.678412815,106.0456876,470.6362539,-0.128583483,0.453799875
31,4,consecutive,1.521778584,13.45747406,510.0948449,32.32769788,1107.385766,-0.079634097,-0.600104602,-117.7320098,-635.2042252,0.141954267,-0.849560088,108.2997719,495.7950457,-0.158973865,0.441998473
31,5,consecutive,1.607477033,14.35276531,541.8630348,32.15217802,1186.76992,-0.08611448,-0.687232461,-118.8183612,-701.851269,0.144944256,-1.035599845,108.2389702,554.7982276,-0.161241699,0.568234813
31,6,consecutive,1.518725812,11.29178195,448.3813177,32.72202684,1118.636724,-0.087136039,-0.73263798,-120.7169314,-640.4282818,0.14697956,-0.949664258,110.0548404,503.3885999,-0.156400128,0.52559296
32,1,single,1.751198608,6.367379469,216.6208744,26.2228804,1013.850256,-0.103458006,-1.559988558,-81.24685022,-679.8000473,0.120137299,-1.155145541,72.22103676,439.1701412,-0.160989982,0.719061775
32,2,single,2.508752378,8.21438289,193.9561224,22.68839774,1042.27418,-0.090193948,-1.366395973,-65.43534491,-591.2210575,0.138781153,-1.2597726,57.148399,409.1270101,-0.111677799,0.687385774
32,3,single,1.951680781,7.654586026,226.3021076,27.98902518,992.1580578,-0.097330044,-1.262739134,-80.00423134,-668.9142919,0.123388472,-1.303061389,66.03877519,394.09086,-0.110994695,0.810580674
32,4,single,2.889502717,9.500126735,261.7893288,25.92496366,1083.570298,-0.085035973,-1.14277019,-72.38602881,-592.6840951,0.143201095,-1.439976158,57.67631864,418.0034559,-0.146477344,0.647359392
32,5,single,1.918026674,11.83131248,345.2414673,26.35786174,1011.587443,-0.097865264,-1.035681892,-77.00001514,-588.6272873,0.115719611,-0.98077606,63.70302163,327.0707735,-0.092472919,0.435839319
32,6,single,2.411375717,8.707297235,258.7517958,23.10319341,1074.331469,-0.096625225,-1.548060289,-64.88751658,-617.6546634,0.136961095,-1.249726178,50.97050401,377.9191504,-0.114758794,0.58420822
32,1,consecutive,1.671454593,10.52484228,307.5510215,27.37781866,904.9701447,-0.067268353,-0.556853249,-99.76722528,-713.8632247,0.119000999,-0.962375009,99.81834185,434.4566101,-0.148015663,0.459833225
32,2,consecutive,1.819361994,11.06773811,333.9379699,28.25512797,906.9829743,-0.076798533,-0.569051045,-98.53260689,-702.9599451,0.131649752,-1.094556873,97.07408412,498.7427225,-0.159125939,0.592735143
32,3,consecutive,1.937273373,8.71411432,261.451899,27.90364332,875.9014373,-0.077472453,-0.404794363,-102.3672186,-629.4242598,0.122802454,-1.088822245,98.73425779,501.983386,-0.160465396,0.410959806
32,4,consecutive,1.619629855,11.35721595,334.7838553,27.66175497,901.6533853,-0.075553028,-0.5091588,-99.43689968,-684.737361,0.116302291,-1.019492619,99.65366906,479.7167565,-0.150282504,0.437504195
32,5,consecutive,1.384632182,10.91966944,324.7690559,27.17322334,866.4522021,-0.07767641,-0.561401197,-98.951814,-692.1080204,0.107773544,-0.822985511,99.46988146,435.9179957,-0.135575301,0.426401118
32,6,consecutive,1.620524083,9.06092864,258.8215641,26.79987524,890.4453365,-0.07512656,-0.619429624,-98.8975812,-669.9758509,0.113691082,-0.870940818,100.2141951,468.949681,-0.129501088,0.454469684
33,1,single,1.429849033,12.01402125,511.2737207,36.4627889,867.4967858,-0.105282206,-0.723215862,-109.2285734,-647.3135677,0.158201885,-1.052734248,76.16265698,408.4173386,-0.066124364,0.413792092
33,2,single,1.292966514,6.661805385,377.4624324,36.34486683,913.8198332,-0.089982766,-0.874395525,-101.0989218,-708.6347651,0.149209173,-1.137982281,80.93142314,464.9512668,-0.078222034,0.295782796
33,3,single,1.495713893,8.176721709,412.5691736,32.40454851,924.6051852,-0.111106106,-1.017128877,-96.04504472,-650.9899027,0.137020586,-0.829520314,82.63022587,347.5384254,-0.081475623,0.348039024
33,4,single,1.300609993,9.377774284,414.074146,35.06004528,844.4999655,-0.100424265,-0.712776371,-101.5454676,-636.6776737,0.140610245,-0.860762533,75.33008424,375.1423074,-0.053726638,0.354654066
33,5,single,1.992466545,7.254773227,426.8378273,34.00621059,1032.847244,-0.12609408,-1.039378846,-95.04677503,-568.228487,0.144095629,-1.200066335,72.82274505,308.8960782,-0.128145714,0.128967965
33,6,single,1.356653854,11.53095039,504.2529931,34.89471229,833.7827007,-0.102012194,-0.694019827,-101.7090141,-619.8522444,0.147980198,-0.909546779,76.70548168,347.069399,-0.04971976,0.277510949
33,1,consecutive,1.222652297,9.160805875,364.3430857,35.60672723,805.0664885,-0.083530628,-0.516961085,-127.006115,-594.4820298,0.157292332,-0.634796513,94.93734323,365.3851374,-0.079277198,0.227207872
33,2,consecutive,1.353630375,9.418060019,388.3149032,34.83373291,785.7542017,-0.088619563,-0.565219524,-116.3683056,-574.3618328,0.138549715,-0.752037949,89.95696514,358.7406948,-0.08175341,0.19432513
33,3,consecutive,1.301188074,11.71209192,459.6576734,36.16484066,779.2420535,-0.089605168,-0.588840512,-114.1932336,-616.5758849,0.131151787,-0.824294977,91.89703994,377.7446681,-0.092587559,0.319611351
33,4,consecutive,1.174572573,9.809735825,382.1248637,36.25373131,818.9953511,-0.079069687,-0.502321189,-116.9671868,-642.927504,0.142051817,-0.655566213,89.06680871,397.289387,-0.075013406,0.291628189
33,5,consecutive,1.13533278,10.82545934,432.0189845,36.48966947,820.3196372,-0.077223266,-0.533402912,-115.8291396,-569.5624165,0.122082187,-0.689464602,92.62847479,386.7148554,-0.083462956,0.210512044
33,6,consecutive,1.258789911,10.85464077,421.5422844,36.72699224,842.9425146,-0.0878845,-0.601235491,-117.152005,-605.9665084,0.148187035,-0.801862137,89.71852614,405.6954388,-0.09557227,0.240975397
34,1,single,3.065988861,10.56639403,398.3125447,32.60014563,1035.323972,-0.095452884,-0.920089877,-89.10346229,-623.4861279,0.199596116,-2.160664375,72.5573072,531.3859301,-0.26506381,1.136398902
34,2,single,2.316455099,11.13785333,403.0706176,28.73515684,967.4811347,-0.141946449,-1.327650404,-71.94163471,-427.5117228,0.15809382,-0.98872883,49.26674024,277.5485697,-0.116510194,0.197534112
34,3,single,1.971136904,8.392243076,311.651588,28.6213056,1015.078456,-0.13363685,-1.450702218,-73.5697229,-427.4417276,0.139744909,-0.866760075,58.67371617,283.4085786,-0.103553686,0.172784929
34,4,single,2.35638082,12.33372013,455.5289361,29.90312579,1117.423717,-0.108568235,-1.223568843,-78.33210081,-449.9156862,0.140786105,-1.10500097,55.85764631,330.308927,-0.169556086,0.189748647
34,5,single,2.999103858,13.98401917,547.0040864,31.37015825,1085.318766,-0.126648437,-1.157871749,-75.61034154,-480.0598651,0.194723008,-1.601739841,56.67249563,423.158043,-0.216101401,0.422650457
34,6,single,2.084088296,8.871729093,353.3921115,29.12378485,1004.841251,-0.093566409,-1.063269968,-82.32577687,-432.9018654,0.147290333,-1.049732785,71.8809634,386.6983398,-0.124285541,0.176234085
34,1,consecutive,1.637625682,7.908472436,286.7134883,32.53515426,804.9485226,-0.070743938,-0.464608699,-95.14544976,-512.2864269,0.126898513,-0.670829845,88.89445208,387.4049078,-0.139273892,0.334572974
34,2,consecutive,2.051300987,13.82162048,499.8882419,31.31978205,836.4975908,-0.108219517,-0.716831121,-88.54985459,-486.0345284,0.134742382,-0.899808029,80.57626528,381.6750745,-0.142710642,0.388074627
34,3,consecutive,1.66207592,12.76447128,459.2422006,35.42004648,818.8677916,-0.120591706,-0.747218158,-92.81001219,-461.5781167,0.142877751,-0.736062918,76.97487707,275.1206117,-0.106068268,0.262080141
34,4,consecutive,1.726621486,14.17604862,516.8923221,33.71218798,872.5778722,-0.110359487,-0.681049163,-94.79743451,-475.9643244,0.127891564,-0.776247948,80.79411023,371.3378259,-0.12606972,0.205795207
34,5,consecutive,2.14931403,13.71310504,494.4618877,33.73799224,931.7450116,-0.111432812,-0.696576265,-89.19938323,-531.7375957,0.145935427,-0.990758483,76.1534558,411.8375994,-0.175944046,0.305873189
34,6,consecutive,2.111938352,13.52962624,481.5808699,33.87952998,898.0341786,-0.108975489,-0.717435692,-89.11635965,-499.1812803,0.140775483,-0.988296614,74.32532219,350.891019,-0.161465949,0.25680631
35,1,single,2.887443418,4.483972188,74.96698177,19.59273049,927.162323,-0.117614596,-1.360815952,-59.88105881,-572.9230658,0.161183783,-1.270053886,51.92627295,533.7834614,-0.146934299,1.025546227
35,2,single,1.68687817,10.98044962,392.4938279,23.48958641,743.7428035,-0.11523797,-0.723795446,-100.16104,-556.3711099,0.149977994,-0.925659696,83.06081534,414.9141672,-0.075396742,0.442065624
35,3,single,1.559366673,7.524592036,284.0175652,18.92532482,671.6315837,-0.106223996,-0.635308173,-91.92889968,-594.1212244,0.135659578,-0.835150284,78.68800281,374.9486341,-0.07059683,0.602515352
35,4,single,1.914800607,4.454381729,174.3299946,19.60190508,750.1862306,-0.117948171,-0.991126917,-75.67972801,-544.9558441,0.156865573,-1.108915659,61.17625608,452.5054087,-0.115041929,0.907623789
35,5,single,1.927401627,7.238683369,250.0163847,20.54070311,853.2191749,-0.12711937,-1.168097413,-72.68077328,-525.3798502,0.144820665,-0.980274868,46.10855716,423.1535819,-0.109467743,0.426517029
35,6,single,2.188102554,3.11370654,109.4615186,19.39429141,831.6413193,-0.130559125,-1.366361724,-69.66770445,-589.2750713,0.142553649,-1.227973315,55.86260638,509.5616236,-0.136978015,1.005229689
35,1,consecutive,1.767783587,10.33857072,322.0005568,22.85889395,688.8891316,-0.126119622,-0.673915398,-95.62132664,-500.5855845,0.151899403,-0.849632246,78.62654577,396.349386,-0.140990061,0.361337593
35,2,consecutive,1.759280545,9.230249424,355.7273285,22.86020429,764.8394516,-0.124157669,-0.842753541,-93.0023419,-466.4617028,0.163211056,-0.919963397,73.50163652,355.4684282,-0.13571272,0.240435373
35,3,consecutive,1.6375597,8.538573161,321.6953806,21.01144766,702.2541463,-0.111760619,-0.675724776,-101.2998411,-497.1019816,0.141512567,-0.883787718,85.22191831,414.1538792,-0.150499476,0.269900208
35,4,consecutive,1.815651223,9.86240384,347.2337626,19.19308027,658.4816823,-0.126359749,-0.677097711,-91.28622242,-483.0779901,0.166191917,-0.931474689,71.59218484,377.6972131,-0.133569176,0.287680786
35,5,consecutive,2.15177267,7.830195585,302.4555658,17.91106339,743.0218676,-0.149267708,-0.961238367,-82.76980183,-481.4996344,0.185284272,-1.117748931,60.84049832,390.6623347,-0.126916093,0.37051667
35,6,consecutive,1.994073508,8.580264088,309.3371113,19.04609679,712.8551347,-0.135564947,-0.762783134,-83.34744064,-490.0266898,0.172459616,-0.877234227,65.60337026,372.0256647,-0.133541812,0.28650778
36,1,single,1.978646048,5.162418243,220.0812481,36.26441721,819.8075758,-0.131816313,-1.089465118,-123.7953872,-624.1693951,0.182632723,-1.536226652,105.7021726,461.0676714,-0.137570623,0.613958838
36,2,single,2.320255789,7.729759667,262.2198364,32.7277782,822.4411418,-0.172062959,-1.259594192,-120.5380284,-589.2842293,0.16899708,-1.565299668,103.8092611,520.2407144,-0.12104378,0.450261866
36,3,single,1.532661362,7.089719361,222.837441,31.030106,749.5773075,-0.122091249,-0.852763235,-118.8295643,-714.0797022,0.126804106,-1.081559529,106.227583,410.4123126,-0.102711235,0.552149579
36,4,single,2.048458278,7.97535468,228.5871005,34.84561977,793.2988696,-0.158900856,-1.089847428,-123.3434016,-623.9898844,0.163138111,-1.403094326,111.8334987,487.9409377,-0.124253397,0.539646901
36,5,single,1.903576312,7.54003004,255.9131342,37.28111021,806.0770998,-0.127758984,-0.869529706,-119.9033167,-655.6192811,0.169062921,-1.390932783,102.9637055,450.811154,-0.106149383,1.051200182
36,6,single,2.601153228,4.747936916,211.7980667,31.4829333,918.5974496,-0.14845362,-1.263439476,-113.9566074,-586.9368037,0.176200801,-1.770169487,102.357051,498.1204042,-0.204488036,0.382252679
36,1,consecutive,1.971698403,4.998084514,187.0345736,33.88798674,887.8045286,-0.098965346,-0.84623441,-109.119138,-590.8409005,0.172146521,-1.54873578,104.4369122,585.8210599,-0.192451624,0.531380473
36,2,consecutive,1.951703986,5.641573363,180.7753822,33.48137199,806.5532188,-0.111921363,-0.67020646,-110.8572385,-654.1661339,0.156256814,-1.332339603,106.1015884,598.9484066,-0.186940689,0.736364073
36,3,consecutive,1.798807806,4.839714082,182.5569242,32.64973234,789.4674109,-0.101132505,-0.741444738,-112.6499618,-623.9706659,0.156790119,-1.317459205,107.4306643,548.5960592,-0.178908901,0.567837151
36,4,consecutive,1.739160723,6.903297896,245.3803279,35.59429384,862.5870888,-0.11366382,-0.818825453,-111.8497635,-617.4017964,0.157670109,-1.385699141,102.6050357,654.2593785,-0.185858722,0.700394766
36,5,consecutive,1.796934656,6.827204696,247.9688905,35.20166917,793.6285472,-0.119206393,-0.76233146,-112.4538864,-591.8324124,0.162399004,-1.337269391,101.4935499,556.0769694,-0.188858073,0.673696718
36,6,consecutive,1.970748263,4.260636768,178.9856263,33.70363827,835.7198989,-0.115585059,-0.871464547,-112.3316633,-604.5551241,0.162878974,-1.546914014,109.0778957,617.8921732,-0.200607408,0.573323195
37,1,single,1.999877858,7.286989994,252.8909808,22.39100624,999.8717718,-0.086582913,-0.955829846,-78.94513209,-557.9670012,0.094105041,-0.748023399,78.60709075,450.8001031,-0.127573303,0.383300904
37,2,single,3.634318385,5.735896021,227.7558902,20.96931782,1092.404573,-0.123229325,-1.46392054,-73.16514947,-612.8039967,0.159251691,-1.704356849,76.06567433,612.9928009,-0.270395413,0.246933263
37,3,single,2.679513684,8.609976386,249.326393,23.88218723,1117.09536,-0.125099477,-1.394401907,-81.62899019,-567.6483325,0.146047716,-1.376894352,69.76485126,478.3108597,-0.148035881,0.299579234
37,4,single,2.416698974,5.334954055,192.8720943,24.08964868,1036.373148,-0.121467147,-1.477552773,-84.76205923,-609.7125244,0.140020026,-1.464968827,78.19307956,544.7288524,-0.150062734,0.619660845
37,5,single,2.551693589,5.971435242,222.7724237,24.24511284,1041.062083,-0.120090645,-1.447631219,-87.89318625,-585.9509398,0.171001082,-1.703524653,84.41917735,568.4300994,-0.125550507,0.70022946
37,6,single,2.4010896,4.218480616,167.7744007,20.63698717,1072.20894,-0.109094484,-1.330226753,-89.98853588,-649.6653728,0.105773266,-1.197824184,89.13457696,532.6779494,-0.183649813,0.531805562
37,1,consecutive,2.25180047,7.688965327,284.5037761,26.26429101,970.4735203,-0.111892861,-0.844861686,-93.43975652,-606.0277541,0.146753139,-1.282038549,84.45753792,561.4597513,-0.205037764,0.569675608
37,2,consecutive,2.235584044,9.133541616,356.0555874,25.69554924,971.9226184,-0.132345141,-0.998713361,-92.79790865,-607.4913037,0.133612728,-1.222054461,79.02520889,538.1983388,-0.17108078,0.465944331
37,3,consecutive,2.332814916,7.674502725,261.0041564,25.67996953,1042.626726,-0.111180549,-0.925180805,-94.79044912,-583.0904653,0.127482456,-1.170009703,85.61551852,575.336438,-0.183286347,0.411898565
37,4,consecutive,1.919856098,9.723984914,385.0205743,25.92010968,990.5305065,-0.115744195,-0.799567338,-95.46556048,-640.3744305,0.12985405,-1.096613034,83.75610758,515.1230666,-0.185884018,0.528673072
37,5,consecutive,2.267809656,7.991916626,329.3212265,25.06931122,1027.117396,-0.105369599,-0.862574982,-93.56011744,-581.4722297,0.133005769,-1.106488402,86.93694085,571.1530673,-0.190871969,0.423861129
37,6,consecutive,2.312968545,10.62901941,408.7745032,25.16611652,1065.928945,-0.117763642,-0.919678875,-90.37994389,-632.6629114,0.141818664,-1.247646491,85.66817002,587.5362009,-0.173680413,0.591035016
38,1,single,1.221177654,10.58980533,355.7870351,20.32018733,1001.058945,-0.085134234,-0.833376032,-99.57170532,-635.6589979,0.096877697,-0.935751182,93.55120141,561.6336544,-633.0515774,0.598343398
38,2,single,2.616912402,7.836918879,327.7155224,19.99443035,1037.288778,-0.111457548,-1.005215495,-95.12441121,-680.2147536,0.134162682,-1.222819292,90.14048965,655.2276119,-633.0515774,0.735284633
38,3,single,1.852253025,14.94036876,564.1163557,22.17431116,1018.449357,-0.115237231,-0.698145171,-83.46276058,-709.9054553,0.137008024,-1.418093822,86.94748683,651.5629242,-633.0515774,0.644352051
38,4,single,1.648661292,13.58509224,497.8533208,18.11814116,948.448958,-0.079922852,-0.484698654,-88.82881643,-647.7487002,0.126660061,-1.155963892,91.16216296,746.8215253,-633.0515774,0.787392496
38,5,single,1.48540859,16.92524366,645.8692728,18.67294582,1041.11598,-0.084789044,-0.659040073,-82.20287057,-722.9471395,0.136098096,-1.457650705,89.46958703,665.986054,-633.0515774,0.586023706
38,6,single,2.828373153,7.036596337,257.2142633,18.57855258,956.1865844,-0.102404905,-0.697113797,-84.36430503,-573.9371188,0.120122872,-1.204160017,94.71744041,693.5266877,-633.0515774,0.705649675
38,1,consecutive,1.481651243,10.69398323,378.7293241,18.19216904,859.1861876,-0.073207877,-0.417573249,-80.59415041,-616.2886875,0.103783666,-0.973767887,87.41161903,588.5030994,-633.0515774,0.570591128
38,2,consecutive,2.250839845,11.71360583,434.6351862,18.10460206,1030.303893,-0.098792388,-0.852030369,-76.0219615,-608.080541,0.127362555,-0.917169336,91.09605453,590.6003641,-633.0515774,0.541669389
38,3,consecutive,1.374495741,15.56292439,548.8587664,19.41004309,957.7668147,-0.085854652,-0.671736231,-76.47449219,-705.6589443,0.11472183,-1.146125178,85.54682197,505.2538309,-633.0515774,0.623516857
38,4,consecutive,2.01951703,14.00835613,509.9633996,18.48007275,1018.533762,-0.093100078,-0.719039994,-78.00681414,-683.2346432,0.146251503,-1.160683613,92.0876182,620.1345075,-633.0515774,0.630666828
38,5,consecutive,1.95952223,13.48238679,465.0332088,20.18121717,991.050812,-0.097364708,-0.701443932,-78.53183624,-644.9639865,0.109285024,-0.871869573,89.58183262,622.2588645,-633.0515774,0.462826527
38,6,consecutive,1.667752421,10.19207403,373.4445657,16.60181924,1045.916493,-0.073413136,-0.735374845,-82.40816501,-677.449016,0.123519321,-0.957470563,86.63568972,645.4354438,-633.0515774,0.69008088
39,1,single,1.59224801,9.335919358,310.5149596,26.97047669,792.953075,-0.111284387,-0.815961805,-102.6146942,-729.3529763,0.130958491,-1.22385777,104.5382114,483.2310767,-0.155731775,0.994471069
39,2,single,1.855338983,15.90163699,508.7006169,24.76218346,880.5207371,-0.141298771,-0.756137101,-102.6203007,-699.6075023,0.145596159,-1.076648867,108.8660259,452.8213469,-0.14579848,0.510026547
39,3,single,1.919402639,13.92755792,477.5299614,24.30859584,946.0273482,-0.128019027,-0.891836917,-93.51277183,-647.9240127,0.147511813,-1.180953538,104.4245567,421.8494854,-0.142417448,0.702940687
39,4,single,1.466512803,8.866494325,260.1222858,26.00706596,871.727665,-0.100533418,-0.961184824,-102.6373159,-617.3182586,0.113956336,-0.937314053,107.7062586,439.828607,-0.154947949,0.573657027
39,5,single,2.060789641,10.08798564,292.411957,23.66177655,840.2583796,-0.124439323,-0.871043082,-107.2943259,-645.5110076,0.12312339,-0.985324103,109.0222048,338.8544945,-0.164420954,0.604393592
39,6,single,1.460858289,11.26694422,398.703216,24.29286233,889.5288586,-0.099410019,-0.84412062,-102.7971102,-703.7801346,0.139543259,-1.309268898,106.9492007,501.7227713,-0.117594159,0.756836483
39,1,consecutive,1.596671103,7.361290271,260.5866096,26.8014793,821.6501639,-0.109325015,-0.573225064,-113.3821483,-611.02302,0.113761998,-0.794088046,112.9705763,431.9473182,-0.155092187,0.269062805
39,2,consecutive,1.330179733,10.56944238,363.8716613,27.03122531,877.4179142,-0.101969873,-0.658045041,-105.3976323,-646.9424651,0.104183166,-0.758483538,105.2791098,463.9797805,-0.160100747,0.44574045
39,3,consecutive,1.646545812,11.16483779,413.8095452,25.7693768,908.7611736,-0.11350623,-0.736926051,-102.7271919,-619.1357937,0.111569533,-0.894810407,100.4194086,428.1868848,-0.167438726,0.288674883
39,4,consecutive,1.709750536,10.94829019,403.2751124,26.60601515,887.5251777,-0.121156809,-0.722157187,-105.45265,-607.5878804,0.119185944,-0.974511444,103.1296116,424.2315669,-0.169735149,0.397622543
39,5,consecutive,1.515335595,8.280541302,331.9244818,25.91903722,865.8222826,-0.114870773,-0.628121772,-108.1728389,-643.1106633,0.113887767,-0.817914764,106.6605233,410.3661653,-0.16835178,0.480816877
39,6,consecutive,1.488706523,8.912421119,316.3529712,25.39611619,811.2786156,-0.111011731,-0.607842331,-111.507968,-627.8458629,0.117605999,-0.794180098,109.8226844,472.636338,-0.168298924,0.37715069
40,1,single,4.949851813,3.859962095,105.6256205,24.83434548,1180.862268,-0.422727576,-3.612505229,-59.88050262,-684.7392588,0.185464912,-2.210553337,49.7847538,373.7332229,-0.625888682,0.277121966
40,2,single,4.628694988,3.911735289,124.5771866,24.91509616,1177.343785,-0.292938985,-2.617307881,-58.8474331,-680.6160308,0.1906511,-2.264593958,47.08052773,318.9103541,-0.425102798,0.226137191
40,3,single,2.948523374,3.917396188,130.4590415,25.73020488,1049.070581,-0.089977597,-1.26850958,-59.11135591,-595.5664434,0.179425684,-1.79494354,40.52980148,310.6581976,-0.086252099,0.353445957
40,4,single,3.273728471,6.30434441,222.8334248,24.38997904,1128.157485,-0.067654988,-1.082289136,-59.92803266,-618.3706902,0.154304629,-1.645085746,45.53736205,332.2909156,-0.118637419,0.400519785
40,5,single,3.174693888,7.638365645,246.5925654,28.3595685,1136.949344,-0.076099437,-1.157290333,-57.37645738,-590.0754636,0.177568341,-1.791341287,38.97717117,276.2812817,-0.096037828,0.248884774
40,6,single,3.918821159,6.546223176,199.6395344,27.87760523,1111.713802,-0.092239846,-1.351757103,-56.91998628,-672.8071144,0.165710008,-1.924731592,42.39395812,369.6581111,-0.152417622,0.229005391
40,1,consecutive,1.940704199,8.933492377,278.0214497,29.89332172,902.1583055,-0.069814233,-0.456592334,-99.06832699,-556.8688685,0.135381093,-1.106010923,89.10153937,444.2973053,-556.801958,0.334736557
40,2,consecutive,1.271023868,9.305561075,331.9344732,30.32114077,883.1375166,-0.080188155,-0.57708621,-106.8057526,-636.32758,0.128176102,-0.927742595,87.23156284,416.3893759,-556.801958,0.408349055
40,3,consecutive,1.701647575,9.679634666,299.1449595,30.75390006,907.0705458,-0.075388651,-0.566594083,-96.36031833,-616.6706146,0.139069918,-0.98051027,85.00194623,419.3852289,-556.801958,0.502273637
40,4,consecutive,1.613847611,11.24421513,361.8947122,30.4906385,845.3656855,-0.07859441,-0.404147428,-102.6999094,-588.9660313,0.140318206,-1.010236217,87.53267229,427.7680555,-556.801958,0.371526679
40,5,consecutive,1.692029819,9.250318579,268.293405,30.79841216,937.0273158,-0.082579172,-0.514257971,-99.50600395,-572.9041338,0.140183668,-1.026004368,86.95003818,435.7766734,-556.801958,0.358385582
40,6,consecutive,1.851942664,7.38205859,214.0609283,28.85813743,955.8848441,-0.067871137,-0.609365745,-94.084641,-600.5446705,0.138323891,-1.101781384,86.60322391,411.7754598,-556.801958,0.364675686